rainfall_mm,temperature_c,humidity_percent,river_flow_m3s,reservoir_level_percent,upstream_inflow_m3s,sediment_load,turbine_efficiency,hydropower_output_mw
139.86856612044932,34.795488056102016,59.87232587538428,71.06309305471308,47.73012790070132,58.35030259403198,28.859186417669125,0.7809110096712575,2.3184807774383467
114.46942795315262,31.472435780389382,67.83221993926723,196.75379870645978,64.37593022121833,183.15137545494414,33.6906916626221,0.7365271383644185,4.292503929629843
145.9075415240277,25.41741258944122,58.11370118500058,250.3673359894027,65.36033744088893,196.49804081050226,30.57939816425755,0.787801262268946,11.167903991419323
180.92119425632103,20.471442556060982,65.38057705541439,526.5225188808229,74.45260691686812,516.6198131297798,34.52004181258862,0.7721958097576229,37.41814523763957
110.63386501106656,29.88756319529513,41.59577999569321,366.786374944051,37.66283273438347,388.77124739870334,37.85849689288811,0.7716230215166129,23.437932011033567
110.63452172203277,27.754397697952246,73.19940561059408,139.74221170801303,76.85134547694662,101.51524813570919,48.371544863313844,0.7894528431265757,14.183105006550782
183.16851262029564,31.266352540194127,70.01808213043337,358.32435473011645,10.912167367944498,389.77883426163424,36.78840961294298,0.7765778620224725,4.053725557034407
150.69738916611635,29.446202611773785,57.74367053397714,114.32352132739615,52.40230895272379,128.9567659599263,24.14374293230407,0.7960271045490948,19.748970003612385
101.22102456260191,32.34686900723535,79.88868502648607,429.92292646644876,55.23452315096911,407.8959268073176,51.4006784649516,0.7891284912882051,15.610744300995464
141.7024017434386,21.253353519076025,84.06355206439838,243.46504178185455,77.66653652142477,239.21915266171914,31.629098663849604,0.8082179450448823,25.591856465254324
101.4632922875015,34.22175845944028,45.88660203446538,288.7636573512995,65.45261705353738,336.7133115805305,39.41279572895371,0.7767300495044016,11.799831775076663
101.37080985718973,26.383197232846797,58.55912832150679,459.0955977050628,36.88873892287427,481.1020321102388,44.46536506940711,0.7557484616813518,17.109175642721056
129.67849086264135,39.52682610837686,58.46286475319053,145.54037176989002,45.3001374836597,145.80388141683446,41.99610418402783,0.7775075791501882,3.990480927764657
43.46879021368808,20.175685273373027,55.90145348336703,132.34581778644105,68.97360019094813,125.21531827761152,50.941795475214754,0.7838458804815701,6.596711451854912
51.00328669947869,37.15174662215674,82.44212262897622,229.9680808384794,63.41865316270887,232.2663529520292,44.79003143392759,0.762090992416411,7.34067254235719
97.50849883036109,26.385375484238534,67.09260791840795,424.605462122318,53.41751780728507,409.2525553840489,31.38690420302892,0.7753891558188992,31.035428520200252
79.48675518662304,20.440073974698862,66.03227738034084,117.67847094277892,55.38332420976042,54.53598577120847,61.78562173991662,0.7584540462472132,-2.3860930879445874
132.56989330381094,21.612799161619748,39.9420645338987,50.0,78.92335994318577,111.26533731604192,41.943334633382335,0.7598000214123771,-4.404023996748618
83.67903697915156,22.75756884263976,79.53127045313839,245.86093699092015,54.646148542615705,250.5206869669022,38.52659773378494,0.7915743097786994,31.845016160575476
63.50785194658834,27.969161624813417,51.41112407719791,366.20889598931046,63.238175119418536,378.1533139429866,49.63925423055571,0.7678312961411444,27.560206340538524
178.62595075686215,28.659848416248497,70.89898945399493,444.03140996865955,100.0,442.29417747235226,42.49450945930072,0.8282258123161869,12.924690534589125
110.96894798053857,20.984099972429945,74.16065406937288,244.42063654975212,36.526347262321536,222.36713252801448,43.99228192939327,0.7225556436483462,0.7982398605542347
122.70112818751696,24.82951785417312,90.40987893757976,250.6288071460797,27.96314536850683,245.0510727176166,64.92183998600687,0.7333694452315841,-12.98016912705964
63.01007255146173,39.99589251028304,50.367694013213324,438.4680881106897,80.67179329597214,390.48624524486036,37.248785717449536,0.7798140376665686,18.076680642230592
98.2246910189927,37.09280219070498,24.707317662687622,75.63099603654953,51.427138774117935,143.94359097814868,36.82239105982604,0.7874144740216894,-28.322509302985313
124.43690358839464,28.054265687718225,72.75774317130542,253.3775069780389,58.63524944514759,216.342147025367,41.16578512012464,0.7749572766385802,10.143530815567766
73.96025690310789,25.266024347177403,97.0076677226628,322.8508667910069,49.37687243737771,291.8918782755915,50.715159355810385,0.7656833434955608,0.7866202775631539
135.02792073382687,25.84021928702783,88.58419529409156,353.90624655420413,59.80399718464975,340.6984704226121,24.93465969809601,0.7498763248318132,16.470191111437156
95.9744524032478,29.294625809112915,73.14489122911938,238.8231968170941,96.97076224192682,277.4654685626654,20.344441085234948,0.7692432208508035,1.5635891892135163
108.33225000826893,17.84045204361116,62.62545721551929,304.13292140470094,81.04256917236239,304.56819138258055,34.12884729379852,0.7867327236038398,20.220281162990073
95.93173551082413,23.198364238036586,82.10683894955966,50.0,82.24447023773953,12.91592611908613,23.660770409407128,0.7567418841196805,-1.0372710128966736
194.0911273803575,13.319911482856874,55.39680700443297,221.0101905199382,36.67545888414709,258.64034134265836,35.75168652474362,0.746974668478864,21.074244989515183
119.46011101048265,27.794561858236953,77.14536654034329,354.4210455065361,41.976925268942615,376.3510643101005,45.0249969612929,0.7674993101278006,25.532044010071868
77.69156284176398,29.530371577919187,77.5820523874994,182.12471588943845,10.0,198.27776460593202,31.092511364477364,0.7260257611451213,9.175728384872516
152.90179648412754,21.61769476390438,85.90314861248319,307.0781065907517,48.81238357834492,328.5501338258769,25.731734232186575,0.7987937907667526,8.707153526602742
71.1662540011591,36.01790734303023,100.0,353.62470009632375,84.13406372771317,425.4555571137973,40.69337161715348,0.8043377472634684,43.78436654477976
128.3545438001902,16.419640358983614,75.88623950768151,258.8940958970682,75.33893031496741,324.44694274815157,48.625434846151705,0.7416534347368722,-1.0645477127039555
41.613195044808975,14.74937583853126,62.36554561438752,320.4556525195885,60.56973474095752,299.8541922294896,23.050265614833872,0.7547223628223888,0.613509762019719
66.87255804406277,26.571162729919806,69.61638531712008,184.47209216584653,64.55399432563894,233.1886419501811,48.20232398305984,0.7221007550780025,7.761241136166218
127.87444943476494,32.329688118285084,43.46386142666323,275.2066464364744,51.22228914849189,286.7016921292414,48.17306203738326,0.7455073987120683,33.04958598637209
149.53866319981643,36.78749384020508,59.579303033664125,373.2259403507067,69.09517764803569,388.1988148348392,49.54085102156628,0.785013103048996,18.2206172655417
126.85473124759882,21.78781015991742,63.86076342830344,318.83675531621213,80.3175655896123,268.06863036691226,52.18480214871686,0.7662254433046939,17.789195841077188
115.37406870447037,32.55076583401907,62.138674030981115,229.61624765232773,32.68226425179054,224.50467469068184,62.02013924659616,0.7569510352242358,-8.738656197462902
107.95585217642845,24.73044071349505,72.28532308050583,326.90596851489516,70.99295375674696,302.5212608047982,36.439079513809446,0.7441180666585957,26.72880305346729
60.8591203853029,23.791608900414264,57.66370101426699,385.75317487639416,83.64869741909334,410.59493932319344,41.09571580077858,0.7954551390609512,35.19931058693594
91.20623166421166,31.185619562406707,86.81546000986707,54.00704657070264,56.69799422073261,86.1394615827868,35.83561566751975,0.7564961278515433,10.20721216077897
101.5744491616085,29.56626014889394,70.00310597377296,439.0888877947077,79.01401224241167,376.85429726421836,40.01976844755811,0.7777444692325964,20.690995802375184
162.2848890487566,13.965254901110255,69.86049518292079,259.6494313582714,100.0,258.98838543814327,55.32873355636312,0.78154388990523,13.225674975812387
133.74473158273847,35.33578244808127,65.08157925230623,351.05879198882764,62.91314414026216,384.7146371326552,26.549855160693312,0.7480606451040774,3.5906037784092533
49.47839378549064,34.66063947903216,72.32786025788468,443.66963083742735,72.86614100010647,438.069261968024,31.389503278344243,0.7539545328817543,25.212939518216615
132.9633587757918,20.621061089433294,82.37647397001452,135.3991563323441,50.23885832677217,157.271065682415,53.77180936504561,0.7783437757339409,-5.509546180122522
104.59670878334734,27.77062473406186,56.9930467643365,214.8670797086944,68.625023252041,225.40204373750692,50.2003650690209,0.7772322452553482,-0.3136748051639078
92.92311998776165,28.458211303979173,60.12825266387115,265.37415649491544,74.20543249964608,275.62396345349424,36.36868353182922,0.7971930920213428,11.461581871755657
144.46705155363472,26.82471636076735,65.44410956835003,205.94957746506861,68.89684680540276,197.8101281230197,48.544020011207195,0.7763783821093896,6.124685771406824
161.23998089983803,21.14786392308206,49.811936147901775,508.192389100417,44.60609360582286,471.6949649763457,43.412158424920335,0.7621392119716196,11.896750121016659
157.25120476464795,20.29863642443364,57.71113210417754,197.18734874078487,69.12723542650902,163.54144431803405,55.00274609000988,0.7335425815129163,14.66337683873611
86.43129907109446,24.82112150305988,62.85668689683011,233.334386461576,94.24391877435274,254.61496189523552,40.745095938267724,0.7794910966704726,17.931757693374465
107.63150496595142,33.20910313481555,83.11583771069091,324.52668379235723,73.97271529029055,325.1104314579237,50.25632113872582,0.7713617748954525,15.635843014311757
133.25053725614256,28.805201082161027,73.93841993502888,155.74205687086933,84.23974378143683,151.5866895326526,66.4201191049262,0.811255980124692,12.473540812196372
159.02180508489437,22.40569967539726,72.90384867051317,252.51831458924835,60.259760599747445,239.80161331957777,45.98099155047466,0.7800747154767049,1.954887195114667
100.8330304861884,30.401890974538414,82.76346943251959,338.094391350021,79.9980047884742,328.93872598559847,40.49328165794844,0.8085722415310432,22.922139989696976
112.57364093344731,5.0602016555894735,67.93942317400905,260.05675147409863,70.58535676433051,291.46410530874283,47.22446985220979,0.7830760915443968,15.880325169473224
75.74660103975887,33.041359902604725,75.85697274893334,288.7935769320062,45.981785406255355,278.7362544759654,36.34719141796115,0.7478606707387498,-5.099444058538545
72.15173503677318,12.822003548553303,68.45167370601256,236.4801465061955,71.3704200959775,196.24820510714844,63.87967705524732,0.7688637912544115,22.933580266063075
152.50103289576793,22.462913410178075,73.98043524099442,118.26356289830795,45.166066731193794,140.57311616451315,41.80071037695981,0.7647672931777936,-4.729332575848369
174.24960114283292,17.16231073761699,61.25862013582627,338.5911853607086,52.34239450230416,332.44488544476707,37.27066679774487,0.746206885816415,14.12787891758773
117.11959513678664,15.937229669953659,33.41774262585356,510.591968597669,68.78656614584749,511.5338445636523,31.643109949799637,0.7672126025561254,38.59005733018922
160.14131591568096,33.125787511649634,67.98581256720544,302.2081956940126,70.94488546760248,350.4355448859979,50.972201916064385,0.7660654422854385,25.68130705442917
134.46544100190536,21.72609159081676,91.3412220414991,327.03169406970596,41.215350698457414,326.41487734919076,48.67187412827739,0.7881185097620479,10.966167303242383
94.19520981579502,27.42552717211501,83.89323103362389,383.12673061402313,86.07971542365752,391.8022408075849,35.02645628585907,0.7409171103182515,20.810041313254732
134.45582422033655,24.67155594784571,84.48096226886756,147.6803404143961,76.44012556600946,112.31263567544636,45.764513451224225,0.7986070771619583,18.490357804395614
181.52146265863877,28.33928579056185,88.54196082709326,504.3017589755527,50.90543128778232,497.71167540502387,24.914440317871435,0.7492424788493421,25.981276828347276
118.56695843560193,25.53775323742179,71.32986386442155,324.2794555707362,34.24830407101649,342.56523692699426,41.849705750731566,0.7271276565648964,1.8918451127152593
182.58574623256024,16.019054430680015,72.95973561108393,495.8228278906931,62.10190841837137,449.1616158754558,44.52756352076695,0.7912915277537249,16.41615130447517
15.210195836410222,31.973867736129982,60.73522156848475,212.03604053712127,56.0811257227768,218.06139333059255,57.07329809559223,0.7755565348173984,-11.501238557574096
152.87610017500896,21.54370391787081,65.25890715959426,518.167430706939,67.26280914106046,521.1911628862831,32.291811972713106,0.7990342350263402,29.38937582260888
123.48188272952684,14.103926709381742,79.23656724656712,393.01865928417396,57.73766677688867,394.25728295179715,27.216473711976757,0.786717930225763,17.02521039248161
108.0397059813653,22.00319387323861,88.05826655753225,366.364810302283,24.850862785099807,397.47957726203026,31.045720390749583,0.7943086153100731,18.593681943155012
123.67043106142009,35.50531853444018,67.908305864785,328.08293452237774,57.233061233976834,338.1160899678334,26.6343149968508,0.781800712856823,18.27057199492538
40.49724341596429,30.951552194794452,63.24716102722883,270.17656583106606,58.88761777863374,314.5187227817594,53.36657357758983,0.7603042892935767,25.438774500390025
111.21312448649952,22.559435059144985,70.00791938284895,444.0637990168647,77.67322049548117,414.2561135490436,55.486392950240365,0.7790492199090953,19.8972185345179
134.28450286046984,22.555196069771,79.01810123393672,316.84318438176564,51.03600650777901,320.92092139831607,43.20216577948829,0.7874267360869623,24.11451712289599
179.11576178966064,22.74855464147832,48.34217775799687,63.951635569541736,98.57349346745133,66.48563916124016,52.21294945685148,0.7680353553914678,-0.4475179642727154
99.2691912690541,39.537235884925884,35.55728570294143,165.93762459515972,26.76718898696486,133.8599897825073,41.339583805802356,0.7379439477011142,11.053674264436147
87.66025588427249,27.673548165620872,61.74194725762625,277.69850973687034,91.22334995605249,306.3873597996107,39.04888352299234,0.7777178096291704,5.114021187605056
99.92971825661854,28.010291530337486,51.689313611287616,337.1998779798666,60.5136205824379,406.94007715545115,36.66962380946239,0.7271642671730736,17.189274737224743
156.61608470808295,32.21198417822289,62.37789703529034,293.2093813320125,82.19169744687113,292.69919909749757,36.89609008622435,0.7827885898659191,-0.9821622646143808
133.15004438638738,26.671524113185594,67.78329521773793,446.2764947752396,66.59602968117466,461.4271274234526,24.521984436909687,0.7382188454304939,19.26866838663086
98.80959184931845,23.18670497925508,63.2012738646548,65.867776315365,87.79111072050938,68.40333058982482,42.64254763607339,0.7821639773280851,8.926485455287597
140.53069732453423,23.62555105640515,91.78701301706118,317.2305523806192,57.252760708943775,295.82301228340395,39.596660897859564,0.784053177207819,9.030543034945687
123.88310197392161,24.498791184101552,74.90117146903481,81.84249295354144,43.027591496443755,27.21968461948095,47.45360724077876,0.7477401843631115,-7.871220179835721
158.74579962131557,24.73944434443111,74.50711539416243,391.1654754581002,93.41008574542127,369.99227096523924,40.9352349643861,0.8179667897871321,38.34871012502248
91.9178762449059,30.09340680545886,79.33310716065102,288.6649542669597,62.730387082357176,246.90620283840775,38.37296298430908,0.7406432866575161,12.37698837322537
106.89351413608927,25.363621200651096,52.917503233288464,350.3531966428942,69.43116947248421,401.47625898466777,31.288069699923692,0.7991543774589017,14.544069132998743
104.3156738747137,30.128480540509052,85.58667681130403,196.33404472922808,89.6950382808959,192.88075391153092,40.721532368217616,0.7961338005581211,14.439026432381269
61.45940207471526,24.434983939239924,68.8635357019681,453.5357917989301,44.360895158111305,443.158211927515,47.38237230816162,0.7236450709203934,40.92589019761504
131.84481108258305,25.550446332212633,80.05720925861819,425.00695968706214,76.90981795278515,451.6815744306963,28.566610089161394,0.8341008119304548,38.79945514544251
130.44221088719559,11.012595208275247,53.92214150439767,370.0253163614265,53.20210487074218,336.3727832757499,40.874737536807395,0.7630637254642495,26.647505087711206
120.20453826569843,31.41429372291737,46.693618509759034,284.4579303763871,62.35661288711256,261.4520092362505,42.33042951529484,0.7509294971458551,17.67532524047681
110.61651466499413,27.425419331285948,82.26834487037543,369.58287423541583,66.44557930768578,371.6250423128745,32.819352163817356,0.7452352401090173,19.965704946661646
63.38517031798343,31.986070769017566,75.64614289146274,215.17289184151815,34.99556277106128,246.03596158422258,34.12143695092,0.7528609897470611,-18.291707022283184
103.17418708938564,4.7262123526441755,56.46922668463735,402.6666790824854,49.42325914359131,417.71723043754906,42.306108487662144,0.7594716595776977,8.324517697861603
106.29141933892922,39.61862293346509,56.95505378087958,497.9377073188705,92.02145784826278,505.387461594347,28.665789817073772,0.7894639025498025,31.368244830139087
87.90890923113524,24.022872602913782,86.88152176622154,428.4732671975023,82.72382377169592,430.8167992545828,43.499237152493926,0.7723562176156206,8.627204593967736
113.54857153335963,32.75727971716262,52.15882160699008,212.44770362311084,63.7472084534553,224.4547792889141,31.046456263408,0.7852241735500072,-0.9399077134813183
136.16203427258154,17.720658510121282,94.64009429883944,343.37007807277234,69.86246917025787,349.41966522664995,50.62853693033216,0.7619900768527644,-1.529227454513535
195.4474360484212,29.28941733543799,56.49068898028197,144.82301474896227,59.115149887270846,113.9238465056542,63.378277453883,0.721844809362661,5.796644129366832
126.98311251327355,17.626091057784407,79.57587888412574,368.68683734108106,92.13166771655963,370.0692139900756,31.392431982981805,0.7836608743503924,34.80684319937677
130.30201562891057,20.633617275129364,65.07072286376523,354.07240954350465,60.99294844411672,321.86174977597204,45.342078623746744,0.7195442975674687,26.606966431821167
117.02216336935331,38.3982194770675,79.04781146623515,75.62203925614031,69.63684184269697,78.05451554316502,32.732580951179806,0.7820740592538222,8.266309172973468
43.24915138803834,23.665223194656573,61.838289968287114,160.58593873051635,87.92060288284131,146.1665004858691,50.4095417379779,0.7592514343143746,1.0857652656667796
118.93944498203132,26.52203011225806,67.55810640891559,266.02333239074795,49.45257030308187,342.2047810742338,27.34741590914785,0.7697892674771125,-9.193659973385426
122.40920839764105,31.09047411482128,70.61378763093582,263.8968303431009,96.17578368993787,262.69999883054953,44.805867584277124,0.810927631200178,3.013049157202442
218.52968449941145,28.46977321580823,54.96718816327791,154.86276774974337,34.39077180513246,112.7355807618957,31.270110331106473,0.7388393788978743,-8.754877987539125
112.3055614087551,26.052932336005036,81.11236518130188,346.67744752226207,97.59284262225597,342.6520412019543,37.930154109016314,0.8086425002486654,18.470396845193683
132.0618936933445,27.554727017263577,62.30179650292622,330.1768330728614,57.546488320960506,345.7575954419981,29.689747248526928,0.7611985286521991,12.865680808328918
118.61152921179027,41.823909096667926,66.57100126989972,276.6877041625777,60.14602504349436,326.8886225471534,48.223504708957535,0.8006698571503716,3.182837824447196
73.25287849521871,24.596668420764903,55.08475938087231,209.30501998099646,27.199796576341143,191.62144798283492,31.63019645560413,0.746807787087525,7.641375970718875
165.71291258060083,26.407693327004772,31.564995118070343,425.8448551699876,55.90410565244614,378.3720159492784,45.519642593318274,0.7474863003380937,15.47227947312875
150.07732130747098,32.35458077205328,67.13458356099747,498.6488535705954,44.20386937946232,523.1539639135249,36.55901971737667,0.774878997782424,17.185501773092714
151.64127788172186,32.73868153070589,100.0,241.97262193841556,52.84707309253055,200.55466076142602,38.855276282011374,0.7560511590691892,21.07054362310903
83.62450180821044,33.30921213892266,81.76906431847036,226.5399699414215,62.253780684222406,213.45530669619694,41.477559074001285,0.7518546323373307,-1.198934314814288
176.11177243744396,29.471111554204292,69.71109430398408,358.94491984943954,84.15583228945812,351.2163052841097,32.38175328341151,0.7728065931456298,27.53145293436222
63.92595748830877,16.998965610886614,66.05663756187599,257.03647443036164,69.15206702801251,254.9474708313584,42.10367113540887,0.7710528015297237,13.565425546511538
143.47428375201082,36.434020726107676,70.3369883921807,283.2723359204119,71.15353306802228,303.94726963264196,55.30334564354411,0.7958293654658449,12.70573661691394
207.61822503239915,16.975582248869184,78.20678672762816,388.7583782069606,43.08961222308875,368.24934973836895,32.219052141672854,0.723197335559851,20.967165599377612
80.37854699477246,27.118448256673233,52.28780777036732,70.87726949912485,47.3849182079454,62.66539193412203,51.71810143273845,0.7586386418531595,11.338039755388994
97.34809081588912,19.720069049864495,86.71482542003308,458.19627898232034,100.0,457.76816839383866,54.980976334877845,0.7960037789926175,27.007688999143987
123.98605460350565,24.551031573849052,80.73071973161866,308.72166291952095,50.29597930473507,313.2096016450846,31.83845010971956,0.7694654261192876,10.126236531967965
99.86097383535203,27.301336872124363,80.77278588561902,250.62082265253838,98.12416504114591,253.55563789377607,25.44945394909448,0.8176245497245153,22.919106201201696
57.973462757354696,27.24950050815191,76.57713608214591,289.2919014934261,60.13877602238267,302.3720747501035,43.01960900171765,0.7656765987155055,10.590914319557715
122.74251899224109,27.953445279646992,70.29424986540985,295.4915226024622,65.04575872287008,320.8067078917143,34.52592477233127,0.7684740730860168,20.620646408539454
77.5078514509558,36.29597888341053,80.09291853950229,92.25584358660896,86.40730320459859,104.034867056138,58.68603219163002,0.7874444328850772,9.089095407708351
138.94369722540728,28.17474011059786,78.87721200612067,479.3925872943883,90.43784843877313,493.00015299966486,40.34807540499832,0.7851007778969141,52.36384046251318
83.22303063064788,23.29090355296546,64.68938933588464,304.9590758724742,62.78374879441825,257.4923808700799,31.978005919648208,0.7639902978557053,-0.6750709758647844
181.99737620070158,31.748610178018502,61.39597340654649,353.160255653685,57.235138929569224,354.6670866286554,28.528404889882886,0.7803819287895474,14.54963760793981
88.66986830655051,33.32629342247248,71.5278444289298,414.1859724688851,63.881591029555736,428.57119890893335,50.899049590908305,0.7536205147731725,10.85491375199638
107.11753935177298,16.406745294041052,93.23530227242782,177.46050509276398,71.75915056464237,199.32874092987748,34.28816025915813,0.7633695841641872,15.76213971707998
152.54068869478678,29.18180048894901,51.41339386519149,356.8166278842274,82.8260737373951,336.04610465721356,40.43828799460428,0.768721670035004,6.5468663488053345
70.7654273426418,29.908209196176287,47.9871210137134,267.88306909214475,65.08459717988303,248.1118908454854,49.55802745112481,0.7947362735579323,17.31940302179703
129.09839738416517,22.91705547648006,72.47141261854775,401.61249302597923,77.37772596046307,384.38947276747126,35.157416480691694,0.7137213109163099,15.879020242521532
172.28571017129713,34.629947693181336,70.76331552784028,50.0,97.76719464541881,66.0924169967403,39.540711712598394,0.7949333605041888,-3.455698431882646
55.7006706175509,23.949610890772313,72.60012496555612,288.1086839710477,72.6261922452957,319.125115618774,39.8343159017748,0.7750482376361199,1.7523107192635337
127.38535434129217,25.879035174300796,73.6592979686275,227.66152130592462,71.23305712009557,215.43771808717656,46.83324511516092,0.7379491458407371,7.316581134369067
130.39531176993694,23.78849723001291,66.65196618047793,351.8715540760987,34.621783498198646,379.11042348491014,45.907443355103254,0.7597331943252884,20.100394744859607
151.2729148710924,25.10905333307027,92.34795157903123,356.40530248418423,12.385397263418731,360.1096967591221,37.79886268745172,0.7543680796621044,3.0780607783482017
70.52197156487672,17.326074391733588,45.98644032285227,215.08489262135686,72.76751458460336,211.35631930648378,40.636490614965176,0.7859855947349601,18.57841646491193
67.18173547662894,14.919643821839939,57.57254462829631,214.53913629887478,63.10351537438255,208.1976094043357,36.282209884765116,0.7176305334608628,26.361825023919934
140.8776626246759,36.1615354425748,68.45117859776428,286.7201557731205,54.70434650170516,309.11849671118523,25.223875930805555,0.7971127987086998,15.140141561880196
131.87938692932744,19.071270561771705,45.35216783268749,192.40293272217502,69.87060408372689,202.17026722578711,42.57600857398129,0.7574077653759723,4.594071011922792
130.01971401383506,18.06025355380585,67.36218393351893,401.0380434542552,63.79192541606184,469.3128062836843,58.92191760833067,0.7779507423605952,24.574827402757908
133.857928379879,9.926269204773996,94.92205248592028,255.69513594630646,87.55560501267797,230.12839665638674,31.162808593089373,0.799250435542058,12.450291492090653
92.79901113686037,20.527267766173484,70.31329732443943,50.0,66.72221736517956,65.54305106089927,32.26970290397297,0.756146256099012,-2.521639090006444
129.29014788644014,15.73837144614751,73.46051358578025,255.02135320538326,50.06153429859665,239.14532291103788,31.292722283562586,0.7788521495112605,-5.255509356263072
131.72289893194724,36.494106120954584,51.097528522411295,175.37474149872332,84.80332477918577,149.29613188906401,47.24591778723123,0.7705180222351763,20.721997218879217
91.42594327894528,32.06871962539844,60.75457887940784,104.24690214468654,60.657378501075954,103.92088803363738,44.4848545419644,0.7255556893011855,0.7279123136958026
194.63098044579027,20.182947583755933,64.37205429514094,151.5088034132913,75.53073367344615,155.6293777955024,38.414623075835436,0.799595818424528,10.971214041404014
138.95331683647152,40.767050637410165,65.23427354865649,313.1290166199564,55.45178587614399,400.67422327175916,30.819809383610348,0.7529790508626641,2.7147800377205513
72.34786011189405,31.87235840894116,89.22465692505654,459.43689938978775,52.003462290051274,453.9125249192917,40.92376791639924,0.7466347315153449,22.198304365118908
146.2621443453532,22.726180315439642,78.36536591087687,337.5821368637976,66.68336460371393,303.67677497925706,24.353778726641956,0.7679742313231299,9.668542103093106
81.01273319090714,7.50415999588499,53.32813064594452,227.21959341411124,65.2565728708737,235.40991493894282,41.43426566857493,0.7756427412414122,10.083811340359087
151.48338414969808,41.03659800813519,73.69757167648007,354.7085034204843,74.59654070733666,292.46930229409327,48.71524386087934,0.7715382889789625,29.193184513068786
166.34382316029615,15.272992732654828,77.47332622745178,244.909162773721,59.62708493380515,242.150459295593,27.48800863366322,0.782528478370947,19.335028217675344
87.17270726593158,13.482208771301757,87.102235577819,216.64795570042264,28.27280432459205,217.12871416927746,24.674817231703365,0.7299441696622119,4.250786339272643
158.53504516977287,32.15799302406748,93.70811029852561,161.47647981204187,56.34452232823223,185.31449130039823,55.794378916948595,0.7465862200804168,-10.888633630843124
136.51123707745992,42.07826684437491,54.77358712258197,89.78054318979369,80.87636934287632,118.9892106726291,33.88240360495415,0.7779535221435212,35.5769229796094
152.8824063997796,34.68990972957363,57.83713733184493,253.20915521286656,59.05247841513787,238.10206664563503,51.35947845943822,0.8020761415229116,29.451736013135886
195.8717193061579,28.947363840366517,51.136332116280755,318.96641879041584,60.07233194970904,314.44799835151787,38.460023348021686,0.7662219082021727,21.90836959273972
110.18447535988518,29.163280391657,66.48970211339528,288.40515959821323,84.72753011811875,265.4215346798931,38.38045183058672,0.802554074783116,12.079058666727459
89.85055342570041,30.973908911462154,76.99537561669501,250.08396864631698,50.76053545482154,216.24209200208617,44.38412699496645,0.7628361330046072,8.547822458332142
84.41942281497907,30.312500128507356,84.81001774883653,186.51047271638626,34.14393563514201,195.80731609780528,31.160011432535594,0.748050791639059,-0.6704660677395458
87.36758860138247,26.96833996778563,68.86073464536216,372.9895430021962,61.787377609490115,334.78197654429823,41.32497143495645,0.7635617088919693,30.235637457772746
116.91593162343584,25.729407727663133,65.20228715117734,141.94416960640982,55.316520975025256,129.50536258925393,36.185105851759076,0.7634343344914073,8.619406616856711
133.64607899266576,24.561848104703344,72.2763698837311,393.12334966121705,45.67507360493492,363.26813086423994,26.795065565949685,0.7768719319118974,6.107825606609731
131.06763197320078,19.722247877933267,57.472856475549655,179.73395772879303,61.492430882026184,196.22445331750083,43.37482074726399,0.795225994568365,4.081507751910795
153.08732996144096,23.03527446193258,100.0,209.70777151763582,74.83011294493568,263.75067449563045,37.36692193122084,0.783398596846828,23.505329615869293
120.52007567511627,13.149302300632302,45.885084593229124,123.98577712611876,64.81422876864369,84.93813764201883,38.429751715552925,0.7946197424444911,22.386576507873844
178.14136308629267,24.31162261243675,72.77110868343587,239.8317423737236,71.13962145372476,184.24118788679652,27.89839056585842,0.7579044988045112,28.2143330761671
109.41372667048176,18.079862249943577,100.0,417.03749501735746,100.0,413.29088845685544,55.914003677628045,0.774933188720431,39.887940233517945
228.80676666358477,17.274874779489604,70.10199766839996,361.87537061327475,58.14242276884872,362.3463044920075,48.76714186386116,0.7499550181411127,13.253037970555955
145.02669391060024,26.25925905807435,67.14941447497759,417.4106534433642,70.56697269289339,423.9704326460831,49.641558841719785,0.7766799105114278,-9.537716014798548
85.71369774334869,34.744016004412195,64.6383186578436,362.6571055120723,54.81573274801731,349.26749005504195,36.94555297558318,0.7591450327777454,18.062883456316428
77.16430007755551,31.42821624201619,67.29412477356388,167.55962057635568,48.072805602260544,161.54044161159274,22.708171104965796,0.7818194102103244,6.27931550397807
139.29889660972742,14.006495774637761,90.59272712014796,260.3052930806931,53.301846931644604,271.33060539691115,59.52917382489511,0.740172137085705,11.669526459330584
111.06148858696596,18.072603044007636,36.8220713300574,206.3761045059045,55.42482856956623,237.58903128524966,39.38902491994132,0.7667563262752264,9.309408525937227
148.56001976368367,31.585398315917512,93.00150551944489,459.66898848468486,72.1895159509425,401.01752537513636,32.51200203979946,0.7900783155837765,12.954769751923687
138.9295049829418,18.12258824523183,48.64064271324783,156.38536242884263,100.0,145.31717925789877,44.16801574483114,0.7454435397757385,17.231731382318678
117.08684349372508,23.427567950020826,66.00021506148377,407.2437227266933,50.6791312744832,413.6579865449252,51.67120788003297,0.8022708294198357,22.880036707186548
86.1282512772638,28.850364693171862,63.56133369552008,407.1544644130523,56.66749388769075,379.6151812747302,39.76949443914534,0.7607398609145043,24.375499778507766
59.40611101256542,18.221588815954554,78.8282990465608,519.5544242059304,63.73753973777504,571.4895131589494,52.78575167939374,0.7255322460915459,33.49185797943147
102.13940191731916,25.73762854302172,46.02813472174378,250.8376088844603,72.91597697419495,231.7753124775982,50.82999938516868,0.7743708666430826,20.203813274613772
154.2559517729389,15.66182153557257,76.93258999122914,385.47865914961943,70.2710162390957,384.23987853940093,29.236188125979417,0.777033521041217,16.947972121661174
128.56374976520817,20.790426492341503,100.0,573.7982203846611,90.68191587896234,590.4788832899299,33.262098943405235,0.7837244406650098,40.071260919053806
70.17044885152048,27.23847353899776,49.55238993110784,225.8829987679564,16.472158589295837,208.14445510389956,49.575371632797676,0.7631872900633418,3.7509011190308956
126.92723703404728,13.849043865278315,72.84559251415594,115.79517029611685,17.261402596086548,60.397978861984335,12.87387436189562,0.7697174384180157,2.615495741570423
135.41269518915348,28.083323165722792,60.070267333050865,74.39879593106835,55.08243655979702,61.53916012357235,38.50544306835011,0.7719471091798704,13.145667500397726
84.64570255195468,24.86253540751323,76.38830809289554,385.52544346335975,86.94600375087418,416.40866014117097,25.691687983753283,0.7947686081592441,33.07724913910738
126.14900423782112,28.867429680920033,70.28721666123629,74.02197503296995,33.687039367888076,63.91512122941579,35.23446198566475,0.7541860120994829,22.654058446987825
122.32834873784,26.56739893845263,60.37769636433536,255.32171364744926,10.0,229.9286846036799,37.01179910970796,0.7794062772518886,24.054683262202033
74.28118808677507,34.54898300981691,77.3180842730661,352.4775824446753,76.42358812438417,380.24774872975695,36.41755622092492,0.7477026068287593,20.937810752083852
134.31149441393134,25.87657151853535,97.06522164680115,322.2210644195897,69.87314447405429,312.29781753889813,34.477387478873915,0.7773863894776829,-20.864012667727916
142.43138105472937,21.99416121212323,67.13644312409052,351.0533837021007,43.1958318640114,335.74855929259417,29.028563503711858,0.7641898395046678,23.95653220006652
163.32204972701106,25.856082521225986,80.79636913222274,326.6747826961025,45.2892079855814,331.1584653860018,62.91911266818686,0.7700344783136265,5.988775187757758
162.15208208139612,28.803086203254715,50.60090563193255,453.4638975976072,45.60512560730651,476.5864038861708,58.67462004161351,0.7383230992426711,7.253887733991073
64.89322528171635,25.34202049227993,55.65345434772987,185.72203431134437,67.2107063494788,257.17344026332074,28.37934179743717,0.7402180985875776,5.255326409651225
82.48699840339509,25.28414183842718,77.08609416820566,218.76058338497626,52.47369447633986,243.57766661469896,55.821167513035675,0.7626269573062231,4.287898609325539
140.6014106883464,20.086058185352712,92.26174042803947,207.2808665675011,74.88127837951039,242.07606555915143,36.00534509527147,0.7822636455055458,18.264569068090005
140.55143803648835,20.35969357714336,75.3342002317849,399.6230174235132,10.0,384.4440314538775,41.2918747333171,0.7724044257689578,-12.507651918291584
140.6019074522419,15.181763097402145,65.30412954215268,408.0478306074076,47.86296269744402,377.2717874283233,39.36726040103084,0.736714062301911,3.6110967268433747
274.1092596261889,37.247037202308576,69.98937108135031,354.147038318221,42.478920781778996,356.01697880679467,33.40251358746034,0.7843125816489858,15.230614597663386
142.83562042772667,16.292957352261006,51.243883990454236,442.01924002679135,59.873186432550156,445.2343374845792,49.838523436061465,0.8123333234659991,27.727923239412075
165.42262560722395,20.14966361542865,79.0677298953305,158.63509591483432,54.23904483019723,126.27971367389641,41.25886530576658,0.7571865650729191,12.930413267338578
158.1600705397281,19.97114914101562,83.23499593485114,500.0668933861365,80.95687559791533,494.8080574890161,35.234485767807584,0.7540892476787509,22.658075672586072
146.05565005223193,31.264470638611087,63.218645007503795,482.788634605471,27.81326456679885,494.7681626570449,26.954105561995274,0.7476809132873334,0.25714899597236496
107.38923021438617,22.935352251955806,62.94936778360748,388.2746396694896,65.90982952661504,399.086441520032,31.064049862808794,0.7739157991518923,14.739020118543605
150.3587688197307,33.734194508716136,73.98817344478073,513.8158690525272,76.16672846423411,528.9445046540553,23.58619884397903,0.7922832620790616,33.40526680792804
89.08699141849712,20.285565630292922,63.44920395939107,101.20521507866715,100.0,109.93415698279044,40.122235484151695,0.7761354347579936,22.709669053211254
110.52725573039965,26.952959135566616,69.00801078061266,237.06622364848178,55.364680578130496,221.8559638703801,28.03334407715604,0.8003763077488653,-9.969356183943399
100.58545808683586,19.1525706271817,100.0,211.76358471816573,71.48917208705033,196.34656591870043,37.34439487481459,0.7522506212809196,9.180886655668505
123.2749655754529,40.01604389441372,66.29461448881005,386.5775188508812,28.9227441487527,350.60897691106493,53.70101853610371,0.7135669634700892,-5.34847591351746
212.58634266694034,16.68681106679341,64.62489771968167,173.98311124774253,17.160875913739524,227.52636242329538,51.992995729215856,0.7651167477238514,-14.238015723399439
45.309392296330074,27.16874497158919,60.286872915472614,390.89941792049825,81.895487515634,391.30292885907704,39.677231058973824,0.7335521538160008,33.15269702479064
147.45040761498055,29.436438166524688,81.16287957249905,464.4643372796056,64.8887941270386,457.71874560576003,39.1291527385685,0.7666230558644944,28.55113829632454
55.491365152413934,27.896593682160486,67.28163740172846,383.42434801007994,88.57025379596845,355.5605855665062,58.79874549421008,0.8389991258338823,32.98673860542108
101.12272536842266,23.702986387856043,60.25940442517861,334.05012283938015,37.53194222060502,422.1198599092135,45.20756120358711,0.7549628316900278,18.6756425792098
163.55802387869466,24.091255101866018,89.81956048409518,181.45519909191012,75.39804279057505,149.25535812522327,36.721935401234774,0.754267087760992,5.522215774723043
122.57120076381851,25.306680303853767,91.29404506770456,198.37788406495625,100.0,185.51244629677404,25.739818828795478,0.7911301050756255,11.367896463163625
76.89020888282775,23.970985988600578,60.99364651391942,449.9542686356,73.39411216714532,462.4293737241818,43.93873218164743,0.7724994206566878,47.3683224481433
91.38785162960127,31.747153817564367,42.00190072959076,393.5218804686399,70.53163011182097,411.52826944096824,48.293237725828625,0.7739908425452243,19.016977824203742
147.18390995738704,40.473661011139455,85.11270534755383,295.3176576746947,65.171121616487,324.05561933116525,33.683484754863564,0.7857257750249768,22.473543171770373
90.78533473131453,21.097557504945165,59.73055261359994,249.85085450809314,33.582370857481756,304.079109741171,42.912027551380326,0.7331353537959721,6.215249219460021
128.658343583279,15.411379142946455,81.85938398744153,56.90305522663476,92.11145871420696,72.08778489045613,36.36426705084971,0.8188974103465844,-14.190397233797928
121.82287359615255,24.382025661541217,40.44844273432247,171.49770975786734,52.78284720389868,139.8167857588673,38.159676008009974,0.7698458064869986,-13.47754001320468
93.93598609576732,43.05796536358023,83.38896007448963,529.3702904567668,75.08966512766034,521.6619367031134,15.121779424376687,0.7975441796645532,25.912728629321986
205.75776357301302,19.374278024211883,51.83242106078828,146.345331479704,33.739313868574925,155.58030265512053,37.782185962838646,0.742972013150323,14.229504495572609
145.35676089272044,36.47381763810847,80.96146178599787,322.7375785465297,41.410806709844394,384.7843597917044,49.693693024080545,0.7815249381876087,18.327859412951184
38.99429653369572,36.74390569853509,70.21409601754651,420.89327678342386,93.70174798444471,378.959112430695,33.68597444433442,0.7816040334826607,39.96601209830217
127.45817259077711,21.124882308044036,55.690908709050326,149.40927983972492,58.05395422084314,185.48657499648175,40.52526368215316,0.7724204482756463,-3.170641697511388
93.52854140926448,28.982881554296927,63.894455306098294,322.16525697373,94.0655095208509,327.56268806012247,32.4404929330808,0.768638485336759,39.45203675710154
154.09733339184896,36.39877636189976,80.29477685435052,412.5498645012786,63.43538681882964,437.684780558163,43.60441676292773,0.748697735852494,9.944681584019778
88.29917046269198,22.34610581308759,71.58841679672851,301.49991862887003,28.16204454084285,298.4400771297921,37.834768024638265,0.7664946979920876,8.636438664507448
115.41054234132405,23.574937479283467,78.76619470708727,644.2083666800122,82.84135199463441,618.9353877762225,30.60758459317993,0.7733662640152155,41.16878571028883
140.1994911592183,20.928233602359494,99.64660876773229,99.76808893461657,53.202153644887844,122.29427231665653,53.32551467665128,0.743526960669361,2.2078115962671494
154.63020776680486,17.89670288514993,46.53637582433423,427.04742358606546,78.97377627034086,446.6803543992341,49.28932013532215,0.7618364252540332,39.079272072639455
71.98814371776895,20.45505718453795,94.25818862452937,279.2637915124243,65.50421735080164,308.42550048461595,33.950932360718255,0.7865458904015338,7.337144240076555
106.61995056636206,16.432418132664203,71.5653390628482,392.630418580401,34.13763544114259,392.23127951904195,44.97788309417778,0.7409946955682457,-3.5641493523155727
101.00218755356175,25.23858427781458,56.51823927515308,352.9568582039095,68.28589530741138,334.962197504314,45.374120028203805,0.7681776130132013,18.71455253820097
93.86683069705153,19.61018738258951,50.04529561391515,212.0212563468004,100.0,165.25764649608516,46.42301235011176,0.7863736513007084,12.674525607814424
190.61816961124387,26.636501382535233,67.1631941383445,327.47956709512084,74.85972917028919,352.06076513930304,23.057441040049223,0.7421656545529238,51.96804373998876
136.19926843843822,14.108730476574609,83.82475167886689,77.05182583220554,63.84964493989074,89.76851030552513,50.06606541032628,0.7374824747393771,10.393290689319649
69.56464182659819,27.3161616255012,68.08676319433698,372.38970006856727,86.50686803913796,343.41622108264846,34.30301037074268,0.7896880886932973,21.345816901753594
156.71447788219103,30.834702731262475,92.66732395371021,335.7790159188631,69.21336930406221,319.62180571996436,36.42172066558733,0.7589395812293009,7.0769415002200855
204.88624788050532,11.043850501999811,48.23236464922662,376.63922023717225,69.19068460525588,362.636455878629,66.37881752260199,0.7858161952714557,1.675427397736378
161.29861042204587,27.618395988933006,69.81866578230918,426.97419901045805,43.16749655681795,382.48466605098554,43.01873380721012,0.7780142702212568,4.087707015548716
59.22520136183947,33.59368294731304,51.214098333803214,344.1143808251653,69.67696051579196,319.5839089270113,36.13677524552824,0.7883808210113462,20.052301774649084
100.63063708534995,16.53251286916156,75.45447823937452,317.77073037579316,85.7088683283389,283.7558196716025,17.94705627244094,0.8238657530286891,36.71190441957995
170.6764459674649,36.70800670786392,83.3033108514595,194.27179960064493,48.278756957999505,181.89742924400682,53.897641339463554,0.756308299522297,18.31045898058082
91.69322137524877,27.933133065562316,63.6885730947842,214.53350836211388,93.48991642493895,192.372583412227,26.547903291913975,0.8017582257429721,18.3715883711763
137.75277712584915,20.064917009691136,30.936792150592986,442.40815442127973,63.16587951709748,393.5980067952773,29.965610965004963,0.7609052369371266,18.03189641633196
150.98536213717347,24.609616456396058,72.98422220194742,472.3602486847174,47.244609769229186,533.0379556018019,36.68647700912151,0.8116637600392526,20.801598076354875
82.92278113687668,28.908288387652057,76.55107827600264,271.4267476425535,84.95264153840489,309.0029695734304,54.164117917002926,0.8158997584428219,13.62697867758088
117.618985757528,25.53203773988688,76.06442132442547,305.52032967039287,59.26411528523462,282.1497470247933,47.732399866657595,0.7655499463729759,31.04498741253892
0.0,28.771291947124585,88.53673287733231,191.44627500074807,80.19029774972216,199.61891690035637,38.4216249015974,0.7863003860024858,10.179486916522372
79.02449434662842,18.555284848444437,53.93419480526427,440.7308214320934,59.16482735482926,453.2547741267323,43.08292063638821,0.7938434894737944,19.83669607637627
109.89727394427359,26.185525768252546,80.20324158175674,379.85001884301346,63.80347712940193,415.5825944862178,33.99614307128894,0.768760105547032,-3.526744992475521
70.08867272140603,15.103998521665138,87.88761268716962,532.9460923756499,74.87120408668584,508.3879415758475,41.39653689565351,0.7618841595586529,28.44659375780451
185.2964521572654,24.221417570559097,43.32118623990225,194.60123073843133,70.81794115180011,227.36443425790412,40.73336744778137,0.7906687553617033,19.261251890303317
62.794344881574695,18.67264650974647,74.79477738878465,254.63905211781395,25.08936439096523,238.2018929916059,49.687698956813534,0.749207157430112,-5.890742053990933
102.39822053212065,19.851290401871633,62.43730253488493,327.77351070306867,42.57512519811216,287.69763857801024,49.67178122438949,0.7600459172246444,3.099236103515657
125.22962309144366,33.652652226473066,68.77715990347531,377.57874452709245,83.58819969581631,399.3028413065274,44.93977382205645,0.7616267408399319,31.964908851196558
177.65093156264462,32.639170844159885,75.21514725307505,274.1198834942841,62.35726822196906,312.84263621795697,36.37652442453898,0.735912233816355,-2.18735426915595
62.56551395282243,29.26396684635024,62.691571538296714,195.24466914555595,54.52537394457156,272.8819383514765,47.41822294390126,0.7677600682866974,18.751421454731343
166.52655008619837,17.353810647291947,59.86437881257582,405.76890347082855,37.82851969485051,369.77714551812215,39.08031533796954,0.7752894060759183,6.578972017758036
120.40932244078348,22.785140852136387,70.51228626232037,386.53624350546977,43.40527357448303,407.5038340578934,29.18085631286867,0.7584322449118601,8.839075113493859
80.73965395808196,33.49168389985428,53.69131091705796,190.04710793235301,24.564027200761053,177.753070618547,35.96712208089061,0.7802204673672907,-7.596463422154966
138.48413897053084,25.992018395479334,53.712623066722216,462.6531361326595,62.97438562596934,486.1538974483804,40.84526983784325,0.7551552853533208,25.782136128609547
127.96238782293881,41.23530677987186,80.19059924434755,440.42384510359244,53.03124838837906,396.3091585666549,49.10215783664745,0.7406908877438768,41.89846386193721
95.99132491364821,27.7532248757606,52.76808947262016,316.11557966973515,45.668242180293696,278.23248639877824,38.16471827842847,0.7600400994626957,18.787247853692072
122.79208339960076,26.34434381543022,79.99468751363818,309.55174348512435,63.63753149664094,286.27549879012986,27.908012887603938,0.7717945103750135,6.560811431684726
104.5874561255296,22.83618475058249,76.93886939280927,366.4869325339089,72.27941261705476,368.8558539039514,40.56741683296819,0.7893688558853414,32.266160758147265
124.54069381004992,25.934786333475977,44.11289906814105,196.595631569249,100.0,177.36319357309836,41.134560400565526,0.7721603753985506,12.013540208080151
146.48522698084187,23.932711145336192,59.83653021496517,303.60377749968984,34.76233160873573,323.3754078170924,41.85837628902753,0.7821855376539576,22.000016573519744
183.4406726458141,29.956760736820133,87.91164104571058,50.0,88.18762086601043,80.80683854773743,49.1987151595443,0.8186725351353069,11.67660317874003
70.48738004692603,31.696916217562087,55.28251703290478,405.17467746035226,84.46203122030144,423.1620036977129,50.18923240089899,0.7763913653505142,-2.861846422431121
205.32133498625066,19.498073776444354,63.033936065359185,112.62081330697688,49.41814521246599,161.18444249680292,34.057891276183334,0.7894859136270644,-5.646903235576056
41.91648801909993,15.681369325095554,76.93091339877844,480.4103794114799,69.06471909172062,492.8851782951402,33.838565419510566,0.7532508485075019,34.43626938411511
113.92859619857667,12.146562388276925,81.75085763923893,260.385588724026,55.847335013247694,223.87868741382096,29.59801289044527,0.7905486944631286,13.012606302016659
143.53268825938306,28.555939288387805,66.22691670933257,274.5999621682588,68.71377160837478,315.501257574409,46.988156702804766,0.7912059669645352,4.69154694771486
131.2396747094013,17.276433756782886,61.03734707962538,224.67193126985933,95.18262026809101,206.5172442016794,54.488201083377156,0.7985135954128298,10.740208781591976
95.09201920717625,9.92976584933262,91.33554792547761,265.43533512935085,77.11212465262626,292.74789011991794,36.849180720910766,0.777190046332634,-3.1546206600192495
111.67510998570899,27.720050231716748,96.08349495696368,470.2237614177644,75.17216746466885,517.4357879144176,37.58569435275007,0.7172253966016687,24.468563491239397
100.27996261364669,42.450996622029535,84.68287076172693,50.0,56.39381360090715,63.700640321911976,54.66782556898976,0.7489620162567141,24.21873847710468
96.42540972223154,24.95750361922075,71.27977213847537,453.23584633058255,35.3188667015133,408.35108193564304,45.05557853215008,0.7416244394374196,19.92109213694333
153.98408388084098,30.869435421161494,57.8760141753861,340.56281773220496,60.830635789191845,313.0164527369112,44.36235704801055,0.7475415120189832,37.39072791675007
134.2806194386019,25.572805509832953,57.54333390165152,155.15740225713412,89.1321630972783,194.8397362636882,28.09083494026273,0.7885836911575017,19.729700791831497
92.28361618957383,24.307772427662,77.83771157898636,170.96251283409146,34.45664286820705,165.88883226480698,46.78728069279419,0.7448128683158406,14.66233279446693
155.98399501733002,31.43353538091438,76.27597331333025,501.16716326498437,43.8982126364661,503.55436931324937,30.708636594902416,0.7462442751444619,36.15841666810927
132.29198083506438,22.968078190679442,91.02397889419645,186.53917440687226,67.52535472468136,209.30390689178054,28.65979814065042,0.7539887349551893,13.269968134614276
152.5144847535584,26.87174619850332,79.75675138804209,161.59793872848488,45.30690430305475,182.48762459089457,36.53228423233288,0.747383507172123,3.5996968857115776
145.18515367694448,27.251884643372094,47.45379547360273,436.4777450837675,49.14953105769575,444.8417394553313,34.1420727655131,0.7867621279361925,27.204728569836
86.84019956311711,20.32336682449866,85.77921426584378,340.6263451543097,56.528028365436455,334.36629401769574,37.78400305614961,0.7537083121733233,29.05100745934837
97.59275839212123,31.944296446755658,55.02909059028381,187.44893081563214,37.68765191619701,178.06887744366142,25.590183654750813,0.7508679967330079,0.5048680870095072
149.89174420493046,23.77528170313214,64.24043092071473,325.9949970485543,45.51756307567263,351.73196180729457,49.58816306467672,0.7487483803179684,3.8946104010342033
144.4148106173386,19.709783883550088,73.75300309377542,176.90967796316673,79.06855833574618,193.51676389520054,51.27686294516429,0.7809310905605122,12.312219102637759
119.16393624143407,28.755568904992824,99.93501234675946,432.0985678107126,38.85260435538072,424.37956779217893,20.52657525859186,0.7723933193706835,21.282047202363323
124.69309533235128,18.71072412746274,100.0,427.364515784776,33.04255731010325,459.82788517457027,49.7845780566655,0.6906927744531887,17.734332693193174
171.106595831537,25.197268101583898,79.10084588704274,363.8407438586332,52.399500409322116,359.9697204047397,31.894713701783736,0.7870640403706781,0.7637575461902539
96.33714444656681,24.936167023490576,67.25205071919419,343.399327349642,79.63911005019692,317.8494621196102,48.56975536982786,0.8039759890990252,41.10320954496669
141.8838952468015,32.601268960821045,78.01758472720826,511.3425749840849,61.061563840062206,488.57345401698456,39.315535073335845,0.747732390650797,16.93508124868223
111.91229390264424,28.32288763015967,83.31483138810754,299.96235928658706,55.708378437687635,270.6001341972941,40.28775564080998,0.7463218976319042,9.820699879291274
111.29275187091119,24.82481128878399,65.18998561664212,158.17510494950386,65.88717595031214,150.00280445139325,38.14902350578781,0.7624938131678543,-1.080053462044769
163.9510740794876,30.72436409440201,96.92817033868484,353.93686953987685,30.08585134280696,390.9485978899626,52.12129204233486,0.7342864576695709,34.802331860204546
153.0166539595212,34.73145284312119,73.45106138787104,550.3256459444536,74.89411307550066,526.1727905135384,27.604119874749717,0.7836443580542576,34.71951101676473
152.54038544002555,28.904672144463035,77.46614633637091,178.22886081769775,72.66870062807288,183.88313364824083,46.078403387350086,0.7335803235706542,0.9913319287268543
172.21915228617317,25.072468338903665,79.98886378081693,256.6244679967217,56.813830518085574,236.92378762789932,51.013301648895506,0.7407443726036393,19.43915440083169
120.84015366531037,15.817146373548884,76.32379915921683,349.9735245721743,85.11849023592833,342.1642533340312,47.16340080540411,0.8091941688798411,31.796619321808564
147.27811885179855,17.544204358472392,82.58410750704418,293.5314181193113,42.45007802093923,248.23018175975375,63.246989143234174,0.733686542920539,7.264780748661851
107.58932973626176,22.86342706951733,60.741202201796156,182.12357035472223,87.55817986507138,175.50742348002612,34.71053237275301,0.8082344957827683,21.294504424614207
132.9666540995377,20.73341458488502,61.62547369080954,434.6229427476565,68.08987331190502,428.8117813535076,49.57304822593531,0.7762797860999747,14.71985500103365
114.79427782529261,23.691200879101878,53.497686505424575,578.4048866420711,58.26894820243653,594.613524963142,38.939093646585796,0.7312673917154774,19.71675460698238
123.87983859970873,25.39654947427975,76.59251845930339,323.5357750828689,64.60252729263377,330.23420248053003,52.33406076352669,0.779307629321583,-3.813679526434168
143.80628101747655,28.707849280497115,81.6840475526817,191.51180523167997,62.854704683781165,155.5600414831186,39.923110042786305,0.7670970732851976,-4.005642754175517
87.2711726706611,24.50650855358636,76.86659299227829,114.12473699358299,89.40565792835434,146.65068431488928,36.1212421813753,0.7747571151847698,25.981462633993047
203.69549102741843,28.405511506783412,95.11738650021306,330.9571177465417,43.466417450579726,337.26620895320156,53.06072203871629,0.7607141339771151,27.357554847044735
79.75930474001191,25.45132090367084,69.9160597175643,432.46528119795096,49.74961521706803,438.4170867132756,35.0843806098107,0.7738421631369267,17.307086182105262
71.43245548849072,11.171734035522901,80.03112483388769,357.0201295794458,85.7260578414496,356.7446589778916,25.872742410994437,0.7992530426369189,41.09119577152805
166.3244349400027,18.42465224326872,53.624486857910284,299.7115390897375,53.089301296322816,284.1788156730709,34.83153116826171,0.7896602482486429,10.963915380579651
151.66650775851744,23.991387109948693,64.19350446288398,229.28740178528327,83.01066154663184,235.82147197774503,46.19032946588533,0.7858109501891175,12.5224716732749
144.9647926820862,16.532136800112248,80.43306636348666,168.94036407382924,98.98871966017418,183.2080171516867,53.920387515870914,0.7558055617995987,13.204586753596745
145.1338203705712,29.199501109973433,82.73653166114715,400.1701591589858,56.96409946116733,347.7632884186192,41.11129375296512,0.7566757524516703,15.999459606034323
119.51012908612341,35.71525582640588,65.59049578503726,409.6525945662703,78.6272465315061,393.4897694458874,53.181970672340256,0.8322199987694234,24.65372270661552
84.10982514056674,33.53133296188122,68.92601122212899,114.51242559711201,41.926154373202834,106.86401648500433,26.418250785224064,0.7775274231586687,15.16694126171993
123.03218232774906,23.505899903488544,47.231893799787855,490.78067738168204,80.09466596135618,498.4657955525104,35.56736535182097,0.8267628693913617,34.00050741411069
92.91353153951553,35.43508295794966,64.64456198790086,368.8885465072801,68.98847971973534,404.6878766850939,37.11424882845899,0.8012686468553137,27.516351521937974
159.00478933671005,26.040672200414782,83.35574745279679,467.9513574174952,74.4607656432043,444.7991329795917,38.8544057252748,0.7804101025351347,37.5064276307407
114.11770473991446,22.640398202173724,78.6280752415985,138.9446701817862,52.088558559292096,124.00581477725093,40.84094388250197,0.7698201375105178,9.453375458538115
86.98011212829954,20.706181355213424,77.50998582071814,136.10110135014733,31.77833168865655,120.72507803075084,46.909109573921924,0.7510848321746149,-6.454221831968956
107.14456633388026,22.882712194583103,70.7466053077144,282.12368282792437,75.0650412949901,258.07785512478813,35.5519316182951,0.7421108488450765,2.1874870448477246
136.51725817102496,22.2827622702114,70.10594737942264,360.3341312274233,23.731936950410912,349.91853637405546,41.39028686953126,0.7498098274637106,7.899750264061473
97.451017887841,26.192913556628415,60.09518290789829,515.5632987512356,58.652990155149304,538.6873653508748,39.54877109675948,0.7916753547993908,22.227168534815156
87.11118417734275,26.124017867349053,80.48242630303803,384.7294696578158,83.8236373283994,353.1144047968854,30.7411009610885,0.770696688479449,25.72843821233736
129.7474884596765,25.021322141073902,76.31459416584084,270.878246782556,68.83795471746072,283.7126786371431,38.863333109185646,0.7809990374072109,14.402517861867759
129.7986628443489,28.058567188224448,77.380282719892,176.83569508009293,100.0,125.77862817954286,38.563404701028816,0.8054627995075553,40.07919400287328
99.7222729851548,33.33452392350439,62.10947735998629,447.600068726298,85.50218305163547,430.75992883303184,38.34919434996954,0.7630527244345773,15.90036268573416
101.15846777526708,31.646878948089267,37.69985620193133,184.23534890991422,51.92203223348847,174.35066990337464,40.31759456581451,0.7548396804601266,-12.678761632575608
129.28199749430544,14.605714220850675,86.45729067630543,495.4162265726786,65.54626759702877,545.6620167601005,40.75673540613386,0.7501878833671312,27.68438283164307
62.07662634010703,7.122552055686317,62.81743815987394,265.8738420472189,64.05258594911128,257.62977290463823,35.6770482089267,0.7548798663780895,9.091308464804191
63.70144902493779,31.540239378674915,57.058363539353195,490.86984871414205,33.35646473307746,424.8325445106145,52.727147339712644,0.7251079824915638,15.033366796308176
91.26223114990256,15.431849111092053,80.4021836787099,381.47175480711337,46.19202167031294,321.5050876012759,28.305193707969835,0.7465954834952049,18.994553075904786
111.4621139315261,23.426642186751216,64.11981040121306,283.56054126690503,53.784781860402795,284.58142885730547,32.79029891530104,0.7954444148715678,24.972562106205068
132.4363026239202,16.809208817584484,85.89904576069932,237.6724353808648,24.27558994288127,256.08556105456205,67.79963624223555,0.7234883635169641,-10.897991828040846
179.0142486779821,12.386136936939863,79.25508924365046,259.09105471847045,65.94986936503285,270.35473044728803,29.6200864501077,0.776618093128698,7.702910852599031
154.30638492808077,28.790239097433517,80.25353984800716,351.3980030850285,60.01856310693918,356.4251062590582,26.462453252902414,0.7620131705041798,20.35877761659558
113.60245880146292,30.31408612211853,49.51066433199199,309.258779546126,31.542121973768516,344.12656747129597,47.34476745001218,0.7751449494926194,15.265925455594767
119.23935168389245,20.964427194912965,88.179159780796,228.74263103175537,73.08425730554664,212.5548944096414,19.22880146226126,0.8069967341461672,35.425451545599934
79.89882541448765,6.86270395498563,73.91875796850785,280.1242307618841,79.31745489381919,306.97154744268886,37.64726090027561,0.7956459488196058,27.235291005991996
119.2594745603044,21.17628886223262,64.46084291130695,309.429243566298,69.54068957729778,260.46879701550546,61.45824925076489,0.7724555610754745,16.05375330441088
108.45365444319447,27.742628037817827,72.15082701013377,50.0,58.518636495820594,22.851565011858014,24.550640778465997,0.7672729352775525,-6.659369229797196
132.90874241352358,14.647619018581098,43.356471506525196,354.98017377464384,76.8288430350371,300.76893192668933,20.180355142612868,0.7585228208909097,15.044078985536958
86.91076225790708,26.28351943845409,76.12979217221006,182.4334530339832,78.60440720953382,174.18809401388944,25.008187980423017,0.8206703248330839,5.841444491116083
140.7738605696469,24.89283105578903,54.559427377268925,161.6001116153106,71.14807139439377,160.21227509732032,48.98359568346986,0.7556854966371048,15.240857697895372
181.30955652010311,29.05504049720762,49.70994571234698,97.51867834671475,48.50775499130478,100.94172311351035,51.247767199858124,0.7721524742763518,6.222573906706412
115.6495940617257,25.837062578899072,47.16461220673163,84.73290025585317,70.53201531022361,86.58940084246723,34.87411203021491,0.7959950854985153,-8.479324833733186
136.06846888395765,18.18851741382911,86.69032562484888,137.34629962652528,88.90961301650958,109.51969970217344,46.83212404001069,0.769299559358145,5.035214832558426
147.6057596684445,33.37600051165144,60.561049094608165,214.91748508434114,53.067418827765394,209.21025975194468,53.9025532751199,0.7811231939776659,17.684276323955302
103.95118112456655,23.89029298881121,93.00591564874749,534.3910965031882,100.0,489.4676964450158,57.873464144298254,0.7979222248234876,46.15687681450929
128.96369927241668,24.808868223430476,61.96297805421553,236.89443889257552,54.487381320292315,277.79130814654303,37.53664718820152,0.800541973211321,16.01964791865562
120.5036960312718,18.46712428648763,44.3896306361058,321.3300127521638,65.64814026680273,312.2212305652238,16.985282823300132,0.7683415559578771,20.037165358398813
123.90704394195328,21.897024241659427,53.25213340077011,348.05776638075946,51.550288079873276,333.3911828094487,31.79121077590313,0.7405205004615714,29.55108022700496
89.07960864578135,18.806381001811694,88.53717430010408,315.72782234590187,69.46541671840522,363.39603219922435,35.73195805064742,0.7639033258351182,19.11448423265601
120.9804069703577,23.78937758053604,67.66152733095,290.7067847128808,30.155566147294493,253.43938870640392,37.41061203421609,0.758031670314069,2.785001835125223
139.91993164981798,36.981959360996406,61.77569055264099,156.56474836809065,54.07916402366558,122.79713494713158,38.1214059899128,0.7667674147565601,-2.6654145126560493
178.04574431180168,15.396691999480506,72.40027338779181,474.11130579350544,43.15757599302866,441.2246960474485,51.188945979306695,0.7483533462772314,17.80852261736418
158.37083304340828,13.705070214862811,77.52674104251318,516.8635972365462,67.70676695784582,514.8274557855617,52.744284266875816,0.7298461490193153,1.134044894857599
206.12729830046226,35.29819229245526,86.76098223853691,98.08095670527771,84.88894751017816,111.02990559440563,38.28326346075217,0.7903691546394456,4.737715015755559
89.30609748447802,23.534734259936936,91.7274884483939,177.11656909363444,77.92012374229103,199.30683313716946,50.98484876051819,0.8131114968246341,9.16330843154529
154.89282546882714,20.316490829380584,64.60347031316371,266.42275891475924,17.566812782822154,343.5826184396083,43.57661366631089,0.7549954470539779,-10.111179806026389
127.33368022953407,32.279332811772534,50.10928470876942,184.25546461077704,100.0,116.77249098475413,40.64505972862572,0.7999891924624827,5.45757964751755
207.59211732870688,20.760691221841952,63.79802258315086,360.71586641470384,70.90559881241737,378.97793408843637,49.06544157109964,0.7821820730579808,28.10226980928328
87.66806858579395,37.78206799482855,73.9042075987433,212.60733571120642,49.47001719014,195.89341853403948,40.72252048237916,0.7704591858480043,10.410567249821696
86.41112631276896,29.745481099374885,55.54361610684084,559.8067281367923,68.14255837981882,542.2142736701292,60.57811177097762,0.784531164995978,30.945129029313943
96.02429418223912,21.584620142980082,55.642736276574354,442.86583132123155,68.52379645005385,424.27266747361523,25.61588833205441,0.7844846053491239,26.87011047905864
35.04417102760772,40.101157492858526,75.15681822324828,325.5088836758658,51.66302566096873,298.24579355162655,34.84829100907982,0.7591234821346949,13.692283772574633
98.96979913276957,20.759995538976632,69.27021472644323,423.2383515983679,68.95833334684151,473.7740966364714,38.7348110304605,0.7569389451641075,34.52050287402051
89.63469353785209,30.19466760406515,70.4919549311738,432.7080509228771,52.850554247593855,457.97697073329414,44.394526904579905,0.7581274459468095,18.571802482144204
126.0157514590483,27.095048062845443,58.62256997949896,232.32630143301083,56.912760146199545,233.02218078973206,52.67960487103089,0.7689350885408038,-4.415016826845122
133.67023903108637,34.11218902579159,66.54398928691349,202.05393065496423,51.27441728489831,242.58440322957424,39.75601432763843,0.7573887451216982,24.14799667372683
195.04683356863546,35.93057837708797,56.136502835975435,309.3771675563577,36.34657420520695,264.0012985973914,25.77770350493793,0.7667267497137508,12.325091764934658
158.016953527442,25.224029043460366,83.3529761668718,403.3963349397533,67.91672940430767,363.4751809998255,48.425138964550044,0.7782138256867972,15.428466815641189
96.92385377350388,19.726074907576717,85.52874002085629,316.68724783841014,76.70598873032677,251.3482158725695,47.54958766141964,0.7907517066921411,6.674771818383933
84.06341314606568,28.219805000573814,42.307182066428595,110.76042213708033,75.29767192152744,89.7779859333817,20.58141340620594,0.8071303113156816,10.690610562074458
139.67676686026022,20.255992411735257,56.05733709711385,203.66106672589893,81.39850505270468,208.51202252704152,39.96195866329201,0.7802708132969419,11.76338038133705
67.1906717191743,39.09371073268636,47.55206117364881,291.1232563686746,71.48680420029737,294.2090137066446,24.09858169319702,0.7523582962892363,31.39915089532565
193.25835063417415,25.955747317579164,60.249640983896526,290.92012748090036,54.34549003566193,295.40038481269676,33.353489024979375,0.7602646163739534,8.56086046608597
167.17760482885149,22.442749140815238,68.74843045314459,536.705061214777,81.79327728862378,494.3733562827945,30.971910730372002,0.7824863167733324,25.976453987213706
101.23297391581181,26.292762141054357,48.255321704522046,133.68144691212024,37.8496492031613,157.7760891905409,48.09264698241986,0.7177816553833128,12.589790838256459
51.4746188363649,15.570115973292125,56.1721028031203,360.67070902030497,46.986572349750396,367.8595345674749,41.16830174172184,0.7889160860544083,22.62232767140697
174.1548949666165,18.19870173042544,54.94063941877752,478.69357299939475,45.71599857153511,500.6852014433747,27.144089992439724,0.767562330538245,18.483812946600086
115.41840618989528,33.402897355610975,73.10900994098417,572.5739694507355,86.6011211827862,515.791104123034,48.800659629573424,0.7862874193941267,45.75206282843711
169.51265247893846,20.401740047200228,71.04016505554375,251.47230921792465,83.85577028280152,260.81703498185834,25.661941760715855,0.8115398318637114,16.736397246832684
56.222893648225316,17.671623121226425,59.1739366999412,358.971534326424,74.7461047408999,323.3385771288982,43.301137904709435,0.7617798543961901,22.778517738700913
96.02499908184909,28.756569267691003,72.65231308209097,368.37124286383767,86.43859730423594,356.4515452872968,31.85989330708444,0.7951421692776731,36.96842305646574
120.20974798872733,33.29992908264098,61.79979873119102,323.4578077863949,47.414344351760235,339.4887547454864,36.3432291746948,0.7606069209614329,17.91826171779875
121.87922375058969,30.032673174655468,65.9251733451092,288.1385758512833,71.97190239721961,290.8713840389607,45.04270748038384,0.7687914016141763,14.250360569310821
101.99738114083026,31.972333800640715,95.10178135447805,352.3170467400055,62.49651143233672,326.77084734662594,45.21449399059529,0.7522400597629023,30.086888163101772
144.91399729389994,19.702434380013774,90.10691577685522,50.0,81.93764207769829,50.18819468553255,53.3696907355596,0.8082699780919118,-20.337166919562915
77.29518282469623,15.047325332807095,50.506281446086035,381.84833880751574,62.69551534895605,335.90227935020647,39.17746300328547,0.762084517971981,38.7651724201956
114.30482059914826,35.50933556368841,82.44598626818762,315.14134843943606,57.30114223179838,349.64937031638493,43.06450862963341,0.7797205034649233,-2.979429886504599
124.81182526847596,22.74124112810505,82.17094831737388,273.30301238660815,75.8181703712198,267.1444918017206,35.62262677595675,0.7397221494033841,9.057101740674153
140.57755336234996,23.24416888481467,52.776050668710724,545.623463486347,82.52338334382466,579.1799618140068,41.81989882622798,0.8023154926178396,35.71643901709997
148.4645951235556,34.2973589929434,82.2816646563229,219.00791774513374,51.63309610306396,203.21196713225245,44.394860480085114,0.7835423130266477,7.395534323982556
75.01431632648523,28.89361006580462,93.06897877618829,251.63088131219632,63.77848657295248,235.92360165999884,39.01690152545624,0.7721328550347853,22.455790140568897
58.63543317057511,28.191214404571255,53.16182790633379,538.986396264568,43.831187327166944,516.0607926654327,21.962495159075036,0.7607879957931024,7.394804165623778
171.10707287594036,40.15501641430759,56.237457684786044,200.1526434180172,15.038779650141208,226.43786136880945,43.31470896330895,0.7525249772483492,4.872807111954037
133.29256047918366,20.495372387339,85.26492200265254,233.9861660476153,69.00919262827458,212.70323132776105,43.64561477355457,0.8171867250996767,7.413153567653002
90.06053853773786,31.49488089656866,74.07242966238472,282.356949188298,77.17810712509264,301.6948121607533,33.19826523652049,0.7433648400135204,19.150649034685912
182.04607902090092,25.39909187427959,78.27214412859286,400.8881378555459,70.24133618173451,389.4145659254672,27.15612963927486,0.7926143769505674,21.67144101468312
124.62698537171434,26.8801459520428,75.10883824600745,324.93630088239763,26.008765644912657,265.65740188564905,54.75879150503965,0.7283443993278664,7.084734959907881
167.17188736255306,35.69927898488772,75.86043881392216,144.8849583417285,57.98301139847051,127.7755363081345,44.91445510894402,0.7651188012405575,0.928412344793248
122.70073925640436,28.554850294027368,50.102918075333754,236.13977242473726,20.633044798978375,200.76652599385181,37.70918969078291,0.7440461631106811,-1.475436398818796
202.42991699527948,28.76807255334743,85.70976559932173,227.11746801453464,92.3940221530837,228.13454972500477,28.629671168525128,0.7790417445700292,19.220367993780567
190.21363369772817,32.507551361168616,87.54384988641661,290.7334745732345,43.27890835763828,255.0212425029998,31.78185171578654,0.7618955960830287,19.02380346271904
110.04143406083706,22.445330893199802,66.55913883897958,351.1012390355795,90.10807218919793,378.880492057018,53.02590396786232,0.7564628419986845,17.94946379546466
158.86283803817423,19.125532328626957,69.34784575279207,350.18469070655664,83.91739287368291,347.45241489596583,41.37661940868046,0.8001293193367968,14.825393822814851
145.8150379834059,17.686335641852764,47.03338746166417,86.87858951419173,46.98819294927877,81.55070967142956,34.49412932999294,0.7272629874516695,9.10348402507127
174.74526230129396,11.235503874367987,77.71382134026753,427.6729185073027,42.3443009746451,447.3496826409302,45.09689231224656,0.7684383730502155,13.591004069924809
81.40306157679582,39.39344990958226,78.58086162571216,330.3082615195948,72.00740432772676,359.22546954187067,31.856018125536764,0.769916179675511,26.61716091939468
147.44205839993757,17.277541439948216,69.06713474501034,466.14384571126874,48.11351925633858,465.5408831581792,55.00843030280379,0.7341357326611792,7.407092592393294
162.33697947398352,23.451224634899596,86.86530039805754,353.30379927488065,67.04969284316415,330.16779028840193,53.528005348967255,0.7715141122288658,0.48194005664681683
49.65042054307543,23.062306900777557,64.98884153530089,432.1587549282915,55.34344818386163,378.93966644492764,35.33425928797223,0.7359324245714096,12.271369535876211
72.669659493369,27.151846884663705,78.469088888404,355.98543737401525,29.376831710687334,335.4039446629599,33.713297529691395,0.7553687030308289,0.23591153730922532
38.43071288959598,30.710160487775077,54.705034919618264,461.5470907443298,20.39063961751082,443.03072334489093,13.8186680130772,0.7275921812486011,6.0596609256337794
109.2237266222177,31.02331441851822,69.64671773688643,362.6700763221334,69.53368496989194,365.8817999119023,25.184192284486322,0.7864370264859567,13.463749150362261
148.70169023183848,20.918457930017432,67.38468613145746,288.2501704268515,53.768845073387496,277.8957639927107,26.60530225042244,0.7504156851889595,19.040771234753056
180.0942820838411,23.83014800349512,73.37961883061412,572.6921664536258,53.93820366171735,593.3301556151686,41.351903409873856,0.7555436504673103,20.457230697267324
122.96379121679101,26.978059653418097,64.45709606749962,406.6844546735871,78.9172767818757,388.2949565354664,36.7376629555864,0.7843163272631252,26.676930193970367
185.14462182285166,23.25916211671517,68.02791106492498,368.8493305205296,88.4688455326489,367.1380955149413,26.546645125847586,0.7708195869917256,26.72947940421823
64.79594167140434,36.25141903213995,82.3907075716226,146.8434700153997,59.549105572763814,182.3630933113064,37.188359575354426,0.7674587649204094,8.660515274892619
51.86470242579381,28.43682466146776,63.44853644142674,145.40308590437547,58.18802586180277,155.65784232302445,45.05337147647349,0.7353013914630623,5.979886998181919
117.77809204413525,30.144144502348723,45.90134348891981,335.1258578570224,75.00286066227767,333.3247316063655,45.27839349915587,0.7865354243533151,24.875887852978693
135.3626179575723,29.64016888067189,96.24375856308131,317.4625437321889,37.86128860600849,299.4042104741336,21.00329719141119,0.7979279312565963,1.6341761384204112
118.69221007623628,33.21431700239727,90.72181118035729,226.30529219900205,69.46306109495394,207.30835029755275,38.71736519516169,0.8289604983471277,27.025320868461893
37.302315998404936,26.26715091092595,50.616059573415725,316.9179239534472,76.03771943644308,291.39952636488874,26.166592230283896,0.7819922449824651,16.478853345517713
116.43519841948846,15.922176364309074,80.34561707867792,490.6352313652315,78.60460416835258,474.4050253917445,49.01728697140274,0.7903611988086993,17.365727322714505
67.82121997980587,27.79781566226849,62.455378441729856,383.44829694603584,26.2649459499507,406.11827210836526,47.84146416353499,0.7131675202677651,9.063221098254752
146.78690195320155,20.440501743457197,73.9523082299659,163.0789788296714,49.772894603821186,156.42233069090335,31.019727736755414,0.7956352155069957,-2.053703139395756
134.66392984387392,21.2996832277517,74.4133619352024,286.61894074284675,47.43473494353067,246.12574866140983,32.339547975996,0.7795400731734488,17.25173323839724
82.4048085469058,29.104548131285654,66.48388299525517,203.4040222976927,66.99773908818426,256.4491010894862,35.38732949501693,0.7632040017965623,32.496701953809236
99.44532330653226,33.66798150003545,58.24351501620406,253.47601003097265,74.61489159535968,263.07496576532753,17.472066052686607,0.8068094419876541,7.39353464799623
77.63145912444193,25.14890103715243,59.64188421525611,250.3661201244429,94.93420814891962,208.1578181090478,43.35968173440577,0.7793696780212312,21.848022946289618
117.49283610907312,27.16183108819275,56.257121267781365,242.68253008751938,55.10069039263854,229.42706227029467,37.27155453659869,0.7572083751750486,-7.429684459205154
158.20569282004953,36.91550461244667,57.522666876543326,149.38375536319262,55.04855003381572,152.71034684804516,49.70175082567859,0.7721204482777542,10.888476033260396
80.57095814657825,26.685272256419978,68.99232564925967,284.6814382178172,87.99344037757494,335.8192010167385,29.015907820374473,0.7640248578460687,10.281760452074275
140.16186062071378,43.211781799262766,59.26360016333872,232.7270835783228,70.9315387706061,199.48370983055673,33.80877051750068,0.7957556335180519,6.887741250325176
98.78969526510237,28.95856751942081,80.2307809856893,50.0,90.35303022375948,79.28122158067839,24.934747419608847,0.7665762946474601,-7.549740342443306
88.28508670950623,12.674660685909275,92.30869233003891,546.3566429401995,70.77456006019672,588.3412357493698,29.95709436505747,0.7553990559241175,36.53139705053881
115.71878560181769,30.273391347731728,61.29920137944936,430.6523585060006,41.85766762573458,411.7927293537635,28.18018003931781,0.7442809840329052,23.489529465660745
78.59030710322503,27.668108694179445,73.59106750803066,254.84391300900046,38.33743290444387,246.51850444319345,49.959736788464454,0.769370796166005,7.75065207687184
97.85402778611271,34.02826927857922,77.495276654544,302.2582859688718,33.96975501882142,271.1690085476587,33.017381512486075,0.7447441558252708,-0.997502223775955
72.08488429644606,29.712269458889708,77.08003406378911,159.4014783218926,78.24103669516947,153.29764408948344,41.24175684744613,0.7497880756060076,25.24638998173655
198.58900531665557,24.030808112113583,71.13932901874131,503.48674533730383,88.77193646174015,502.3890461070159,36.19236596138195,0.7714146584437395,26.97465747167817
121.41054207886914,16.42991234597444,81.14023627539584,527.6746433727734,100.0,547.4641433152445,27.305347339871872,0.7911675483844288,20.1275823949121
92.01097968029657,23.536837198997823,77.23373429020985,318.80324738958296,81.86210664646481,351.50875152019637,38.316995768283576,0.7558165049194597,24.309117772716863
128.55919642936888,19.0463568205349,51.43506366509053,422.8236773022414,88.25677155069971,400.380795363592,45.99103331863595,0.7572974535990722,17.21236224449065
115.50687801236681,20.93633585136694,83.03734096583909,321.03441347207087,53.399673346926306,262.014661545291,27.922406074566478,0.8105490415330849,23.781437805062854
111.16121601867108,29.120048830944267,83.30936255900113,139.59294733488832,41.871683665122866,138.95560395660107,48.09112790731379,0.7392971953840897,0.5098090282856842
144.566668001737,36.689331530459846,58.550708437321276,250.58119572436112,82.00158664835106,259.38732162342035,31.502790785223038,0.7750891087131484,21.963706532307103
150.3003084018922,27.762700708760867,70.56906753171403,315.83135601263484,73.35361504478801,323.3138866431861,35.170160739271594,0.7687810192846268,31.825639101362256
98.7799540955789,16.62881856575371,80.24993489216604,245.45427375078668,67.14888748681786,235.65407632551538,45.30683123010048,0.76155525821897,0.46335096339766224
96.9672703742128,28.112218677540984,66.86029270630958,273.7616067077957,72.7474296126598,277.50416969771373,33.36563842780512,0.7887909580773704,10.049758112784277
108.99793211393424,33.37642040651956,86.09467071649019,289.03205309890626,71.46370964916412,334.4953973494737,40.37574859335866,0.7925819892560154,15.614310193487217
27.923153410576603,20.731519669764324,100.0,290.2945802561446,90.67633719707123,301.7466053250199,36.853091712119074,0.778163152454268,35.85898454102461
59.39235751205791,24.061879833289577,58.210209510475266,306.27101885969796,90.89971169633912,295.06996610960545,41.29368006703819,0.7583321860962111,14.528100929003198
174.674970697781,25.10281736310438,49.28433095269338,172.7273920324079,75.88440704680694,157.72145751952803,16.192608944765027,0.8085732253969521,4.653187592666913
185.79870854005134,19.50571180842432,74.55727893407314,213.95806210464764,81.91605745125857,208.8624913743157,21.703181847919172,0.7825402523473198,18.496676452522888
110.03855841774487,29.537963036907012,80.82343757689215,145.84988811600368,75.28125104849552,194.9520869709229,46.15967006046838,0.8083991608032506,3.10374316399667
143.06227852223066,24.15336295974553,66.53700439232847,417.33786596234404,55.776605359307624,411.8388446765581,50.37181405649051,0.7178650405114034,18.235498309929206
132.45000618174146,27.936727107349196,91.79890994981551,50.0,80.1312934982628,49.40616966437876,30.895132964684787,0.7847051712853923,-12.371402190187549
243.15523233820952,18.7875547553853,49.92091300415127,438.4308411980311,37.11009862281477,423.961434069942,37.55971647828866,0.7956592610454449,35.08884408851127
164.78299645738306,21.937791897736126,80.39377934547417,466.3619276715412,86.07783104591766,499.3314283948001,42.94719252902301,0.7730894750554888,17.55736567817157
114.88329634076933,30.0566695047944,60.9120876886166,263.7383295620854,41.1095412046793,322.53344720442567,46.93217601658704,0.7519652493306708,4.935401805963101
81.77838237598297,22.39016793535763,95.79066859310944,50.0,70.71606573589466,63.51839148294165,19.723227283291514,0.7853512985147667,2.4520373441560777
55.74214718969711,37.088746958633834,99.88773029752177,256.64273256392516,48.09692083147682,259.12591967748796,31.13959753021623,0.7535306647789745,28.428256791913725
128.13854543468892,22.202546700697784,58.500151183249784,292.2979006453417,76.06777966148853,293.4013856405688,36.67420620150125,0.7707901893292393,3.889639890013214
89.74597018862787,26.572793080263203,61.7566429613713,178.72821360853038,64.32149548144183,107.19900994495801,47.03140197236049,0.7612950252651847,28.58893919854777
63.10985161609303,31.52813582311163,82.89381830469702,238.17379274301086,33.10488083673335,260.5283186715554,64.98430483721495,0.7345087342786747,13.363160265789746
94.13708463029894,15.071439869468778,64.19304025315728,483.62342386360217,73.41399262036958,487.6484163434775,37.71994273190282,0.7999681444946252,32.57360339967583
76.7380798554242,12.67433831613457,69.31883173101643,379.7912594762089,53.44158446334579,392.64152099603064,25.930225378960113,0.7781632852639135,5.947768383741192
187.48566540290258,14.320405798009336,70.38082630813615,189.052306274628,82.62293441626738,167.70844045211686,44.02268077201298,0.7831172276185958,17.94374760729783
155.26559027797802,33.838088723990275,41.204902657035156,108.28809964854815,65.02651377468814,96.7543932792354,53.2099578954071,0.7827216896565243,-1.7232550501590618
119.6810943473353,21.136992978752872,69.79243380858644,260.7579218868275,72.90841970776076,248.4271737917323,41.08014120979501,0.7688430508268725,27.283432221434985
179.19776555560105,42.90739499967776,59.654083389037396,274.3851864779474,45.84862089969576,305.03387600013855,30.933514548457072,0.7481601797182527,-0.29862876930651794
123.09473230590473,21.05026680939828,62.60315766400342,359.54390248359795,53.213355371452764,348.18110738550513,49.579939414800194,0.7496802097689951,13.211699747740868
85.54863194686945,26.291859122379257,91.65448005203221,235.76199449188093,55.82722727797831,298.24180415517486,46.63545618498435,0.763958637605586,4.50244568638475
180.9249630907863,35.79476966797513,51.152396585811154,361.3799490434234,82.13404960485111,374.3058216138745,29.739191558043757,0.7609610331675544,12.711310358816883
141.55640174738636,39.04265021711386,82.19807780121965,532.2184848072275,98.54754175610978,493.9480050073555,43.81425617534342,0.7761242736937184,48.120003101501695
78.51015382694175,39.43052503645478,65.81555604502287,397.8601226933115,48.896564965142474,394.0037338957528,49.97265567658873,0.749134152942166,19.928238293437765
112.38645287665567,33.458563614152,65.80359747256249,294.22937912030727,86.5369628931536,274.6791254556148,51.818900425588936,0.8202139359154803,32.97415699238467
84.97526986460971,32.168437680680235,81.85557844077567,278.02194347360467,21.60645164548596,212.19046937900396,39.33551024690544,0.693526273949993,-13.63269181796067
64.68801076142655,29.147688644408284,75.10076941853336,257.1992238984154,41.11621197815421,305.1833521018291,36.41920553820681,0.7560399498995024,18.636873200587736
157.04710190126565,30.448527533166462,78.55919495829296,441.67690949425736,45.8244308762645,462.77118576085746,52.27273822081263,0.7917442698281839,41.07907084191061
196.37666561880522,21.141699985700267,84.52276990799291,224.72238648584366,37.94982621118555,240.71860602282302,27.89839497019115,0.7630422838971844,1.990947629070277
64.05729704723436,19.272607816043852,65.03037425225016,305.4267250799979,33.3282322042484,310.388834888989,44.38579290921005,0.768416727697783,26.773455732822864
142.51876946762283,24.976378798123335,60.81644898238375,306.14374822573023,73.25997824275595,264.6832211649571,26.299733726355708,0.7807365953054666,14.87881348168764
93.97429723512693,23.8087076423255,53.72274210163303,239.78589686261617,60.718646045442775,225.27738267595308,50.65376272259603,0.751816526581613,-2.778043453546667
100.51498464941216,21.827403654709073,57.61884205031567,135.3041342539079,72.58810795210219,160.5575574974283,37.41954484388839,0.7302298718327063,4.115607161114026
96.30424303044524,29.874712132197008,100.0,338.75694043412017,78.80945372243026,307.2203395406451,52.68583235647469,0.7777080908949988,31.244706555557887
85.44036921280735,31.687136459993575,88.67019371105181,292.679523377354,70.31233986345067,216.72644388982957,44.91412756355527,0.7561697995706109,7.179439960810704
121.94086511779308,25.61884820404293,49.733884506879676,360.0288563323884,78.15526352300748,353.2156760989606,27.7677976993807,0.7647405843283834,15.514998791864638
86.76199534355848,35.34271056738683,50.16313064884645,235.96796322729998,63.609354275154615,231.7152366064738,54.246277320772435,0.7555510488217634,17.276041615615433
130.81827303119354,17.008176201065464,77.22799092577738,446.49855585756575,41.26013223388511,450.565458350007,55.51245266427729,0.7888735584501292,14.56369486813354
117.99047562203452,23.644383785041974,78.2089719606695,194.78714625457863,86.15628361641592,216.64270556001472,48.82286492599216,0.8265280331754898,19.717135895846567
110.44207812534361,19.982243755780367,78.23325752976046,505.4448340821471,53.21775734437746,524.5730084490833,32.3841213496378,0.7712378010178654,23.123543781199697
83.69745351833609,11.93424368048858,66.17566309669454,90.28361882060861,46.28807402475148,98.04671297792626,36.93986045642591,0.7527667343972134,7.94210665365811
96.9291467772667,24.421235199101105,68.1181860999565,352.17240774682693,61.441642483912034,388.0383493894282,41.45427217405759,0.7447400112407144,11.791710613089558
150.21564903303025,24.147767441317015,74.91819286239036,357.05168190319483,46.74378161406974,311.4825884787954,32.96289600668567,0.7728538252359506,15.216197908680474
140.03668750497522,35.59414820269492,71.28839509439996,204.53315184709413,56.651392360211354,219.67060628141584,56.92346572463205,0.796906768464019,-0.03990133369537574
80.89779020805796,29.415681791883443,36.71049440878697,350.9272725433215,71.88107843126933,369.7234234434298,41.44326471726037,0.7685607520599534,32.27130486846102
123.97329221716903,17.830692229695565,66.55300554137209,453.54224037121907,71.96683478492254,416.3553717888119,12.966519528926426,0.7345135407187189,17.6317744195111
150.05548493487157,37.978647964339316,57.2289034860953,50.0,47.04339867148741,4.913881739528321,43.3935581275622,0.7739046253337856,13.108830066658165
53.22378875514514,33.54723586867747,72.62817128362768,360.32937689889775,55.24589254102511,337.9511131046297,36.51842603182687,0.7863754126899655,13.318084000664847
141.7344076951974,29.07468392428031,100.0,50.0,86.48666009540487,30.153756724541243,39.25073443881552,0.7497511969083408,5.262163953729944
93.49504964216614,23.414611308051178,75.51222498211456,184.12022357721503,74.92800235467882,206.72280748228795,36.313806342143,0.7800995429479555,5.812420987442301
142.82394674372637,18.283925342935643,65.29705470741403,495.4999637881134,100.0,477.06380027738055,48.07046416606687,0.794603381072902,29.212640343073243
89.46963373829932,22.39455256750263,83.82702252965878,230.1861559929535,88.60256347483056,204.49570044451738,51.196877785533815,0.7774800723615763,-1.5908328826795834
47.804715973419235,32.6212403379293,77.24031830813819,159.13440427092328,87.88586137119879,140.7853921700865,42.830531622586534,0.7652783528171163,0.14968447085695047
54.89830248467349,38.19210414154226,76.30141735677762,276.2474725218382,37.24262899088396,309.8064425464645,36.60688812861841,0.7779579925281276,4.7646849835259655
121.92339786645528,35.80270469790533,79.10275889823507,548.1487605796262,80.27720703266846,548.5400618109348,39.5866279519083,0.7701950202113881,36.0103391127861
130.38890006885927,21.57805404749608,100.0,80.19813033527686,63.937863966061784,74.8205995745695,40.195996165776286,0.7402064098792993,13.899347429486951
83.82733499582366,17.162677966976922,53.03667347011127,173.84281060327868,53.98036392923501,170.54264564224712,31.975699601351632,0.7264079823708184,2.35910922940238
145.54369835109495,25.986203728378428,77.10448115217181,479.69180198155516,68.36030681065057,518.4536120113509,45.789286485712346,0.7956603578595978,17.271590344817383
53.5391975092416,12.620924441060039,56.10428305027692,522.9242812245279,83.90423069222967,500.44912942643066,44.60042323860466,0.7909052679039558,20.274263301660888
117.35680805410733,27.26217399929347,78.33268969513372,287.58825308516595,75.01663182008423,327.05350181336905,55.404412397766734,0.7726464631332954,21.469635330636063
71.55935200950174,23.96678189590932,56.21970232770858,151.3136756968029,47.4305239731588,157.62856466444802,52.55349780288475,0.7491437199086979,19.208464919857068
93.92655568791363,21.737744486922303,63.73949779592373,551.5012202170991,79.84917827185241,546.6886387578387,33.1432508240987,0.7694016456046341,46.54538081807077
121.89594685265656,13.837078529132432,65.5736512864314,491.3330870099036,52.24824915848072,566.360101947932,48.20298374508965,0.7401484964868813,26.099896805303437
85.58346538864191,28.595200745988016,84.63725079017064,381.47363853146794,69.33366237928573,349.80445383751004,30.49046616905528,0.7668905784477286,26.66889482716176
104.61777823080699,21.27109412236662,83.7768166591362,202.5117181275096,58.932998650457314,191.90114534049943,46.9593210094085,0.7229769587200027,25.604695100540315
160.2517123685776,16.810582150027983,51.31423935330423,294.1164790994356,60.62267496528749,257.1435419245156,34.83385801239892,0.7551399070095537,16.785055598373376
96.92432521907405,4.8941645070284565,70.82401166499773,280.7567902746203,80.32485950081019,309.3306493907054,29.767467766244156,0.77501343909351,23.939205878163353
153.42768448260568,24.807395664645547,59.35630217876241,339.7021565538693,44.19612560368204,390.37782456341967,42.800453426974045,0.7714555277175572,8.374423742533251
74.81172581369528,37.40576117668821,51.12242633986998,474.1201725757603,100.0,524.2178560178995,13.254328718458591,0.7952251721169952,24.082795875522272
141.1921671166113,36.62881450183509,66.74474424363444,405.53004493648837,28.578278614110076,442.2485075308685,22.49024425594772,0.7734405283077818,2.1251844540011806
177.66274482631601,21.8003262038961,65.37275817316271,170.71487076182902,53.04664633490286,164.78625672795005,38.22508116225717,0.7920385009210429,7.080992561013974
21.13421999490842,20.784515577467538,100.0,465.17957400234457,72.40423779883481,454.2223446776492,40.824417666348424,0.7951181954759948,27.388207797294083
88.12418978118093,28.281419792525167,76.49439738041045,337.57585680157865,76.6862833287062,287.4407636267567,36.30681229841811,0.7868612949223989,39.632681377783314
143.0828850872216,18.01130192568196,49.33573748868644,382.44789550306996,62.990485588565896,443.52410155852374,24.205637012824013,0.7744708052740514,19.47022152254322
111.8781845582803,27.112543298736263,61.52838993743587,475.9849031134323,63.852185939969154,490.05424545788634,31.821081578614944,0.752764008328129,34.66694745498501
134.84583493485235,30.362561948692832,85.32074943144097,166.61037005837386,73.21100170655234,151.85166291228936,43.91209327237394,0.7882307538991503,5.263839378159818
95.84059253136718,33.58853256719016,100.0,295.70093055522443,60.378610450846395,335.54263722483347,45.81781770628363,0.8000389075579687,11.167144835084473
123.463591498916,24.29892146464033,46.210250316430624,236.2254538368942,92.86362515869811,207.04251833409415,39.83776882404059,0.7913226027251452,4.068971314200601
113.77291058431682,23.57428374876124,41.80113422291433,111.85686895614529,81.78698228463205,124.05552998282552,51.56833781036989,0.8137681727677275,0.021425723113240203
166.71128246639228,18.85412189270407,98.06447763057673,341.6051973125904,82.45648702011269,336.4263232838654,43.97397023459234,0.747524618278457,26.325761827945257
130.17683373204852,19.21183752172098,75.84421266056356,601.3867861901308,45.67686553259166,620.5471003865398,32.525443460417875,0.7399975320325796,20.40293690095489
133.5041064830081,23.414647756689313,56.9756090218545,79.19067065930966,63.41223151188594,77.28346448372602,37.194979465883826,0.787651652071143,13.38470274255426
103.5249213551013,27.571558547713245,78.01943629183653,296.12632667406353,58.99068102558593,252.5984899407268,25.971338427921452,0.7769897431874816,15.385535299778509
100.49575103710026,31.395092383632747,30.463783914746834,376.8651522089728,44.887972486210685,379.13244338907396,38.918610096085835,0.7870440467457158,9.789660612870684
102.69767248721516,19.377747345237587,70.05063259895742,314.76938419874176,72.20328367891534,346.2353084550026,51.121006192213386,0.7704559071672589,38.99341523310571
135.77808569513186,35.44881998271665,74.91731759264628,286.42463369811117,54.24708484440367,285.5481415224916,46.85290084710968,0.7457081637175023,10.647555096541229
103.16062076718949,23.102134792702017,83.86405209306744,144.0940363865011,78.10807659700474,167.3474900341737,54.02009325919122,0.7685761454766442,20.280263529404074
131.59099427585653,24.850428939560945,54.791560715611936,327.9344091528196,43.59616874211336,296.568524582598,36.97114756201007,0.730053060683979,6.425245727949533
203.01603194581756,19.769518245965237,71.28530742105039,209.18832275808884,99.38081225683642,208.40049895999329,53.46099794514258,0.7610802932829348,22.918325467910485
154.8449881372677,8.03031817808941,56.11863060910619,50.0,47.07334682815876,31.26468634734268,38.066957735520305,0.7815654660517835,11.119701704135224
106.95905871328635,31.18831777452735,73.83075633511476,443.3510664616477,69.38604674400872,465.76049166478896,54.715850825698936,0.785734016413687,26.255966385889337
168.04855688655778,30.157907279647034,56.56980516455464,415.0062983810451,80.83718620776135,415.95104524890496,39.781432525578765,0.7857442490423285,2.8152728107111358
103.67698507913795,23.030707100172506,63.87848741259669,306.1993172221296,53.58719139599774,326.901527512228,47.072313738042766,0.7282503511573767,12.131919572631435
38.475018592885846,25.468935020574104,55.062769078146566,327.4889625846843,82.04937286865902,360.1202753694203,54.75112364309855,0.7674312778311422,32.92568151591652
79.67654756330384,28.611574523928695,79.76704362735485,428.9181615258674,40.416328043991676,449.66671877950904,38.065723714187946,0.7342884491345385,18.003916767995975
45.16832315896578,14.0621790017942,82.87676674984998,326.9207588133699,94.04235398365121,335.11431184217923,42.18388987544174,0.8078966751049484,29.296685452368195
105.93946063834765,21.296631258575935,66.48069145063879,408.48210657135775,65.28298529931517,378.53573881601557,52.88863425206302,0.7551004597027866,2.9136427879633864
120.73673516758207,30.55985275735279,70.57356992440043,264.302135895138,53.071771840622404,264.21855257513096,38.669968360699364,0.7432199411964704,3.2205825159364734
187.05749249101132,16.219974037815255,48.27112878049684,457.4380486288736,59.01636455145131,441.4453365683986,26.791077174938387,0.7720667824256726,24.95654644417511
133.0770949505665,27.054905525166404,65.50485027989819,338.49428711192206,81.17838538785439,328.1723684107953,61.4300705458491,0.7593570823934802,24.96976537302696
111.23597884764543,15.503927367636164,69.24693074437383,323.2862332327049,53.31089416299123,312.05020871019735,35.30235535662863,0.7957396186785811,25.860984031774176
153.17622324733958,28.265009877034686,100.0,147.59266935455616,50.01284621154445,118.19490211108882,41.58756050937543,0.7478339370022759,4.071490696463551
31.5545876396846,24.750509623917615,53.320494613387545,334.43470251620505,60.569268048325235,275.7145448421854,51.56006669451127,0.7368320488313166,18.983853578930947
129.42458232434262,13.694077288661434,91.96265858128656,200.16540990066585,41.46075774460064,180.12111845083285,33.91506096268798,0.7174975902683436,6.118261786497951
150.83460775547866,33.1531754812002,84.95288160198712,223.40607281658072,100.0,229.20745637430548,29.921320867778697,0.7904078736913981,7.788764533454355
60.856550168806336,19.857858962413655,74.20954606735205,202.15492460206548,53.67210817570553,161.70961323924078,42.53737296774833,0.7528362399203696,-14.38957914200828
165.75016172827716,19.328232940899333,96.379307262927,172.051808172093,81.63233572360807,172.5222752662417,22.069236020876104,0.7556173049253067,14.922735143151682
133.53985629977657,26.4039843806166,75.58158208910294,554.9725683620354,69.18940167295546,611.9806210913644,37.1209392313208,0.7972429482921973,32.352182166136814
103.38848344396794,33.040461446001004,75.83738793501894,459.7606874386084,45.30931899036064,490.4523840961756,42.45038664315406,0.7732644464508189,9.9264643189904
145.3112746442514,17.88924726715122,69.20319020473681,530.4441002573113,64.88090581574541,579.7503455309272,37.30048103174836,0.7706859510196036,10.331961071202187
210.82771431217583,25.4317589489358,88.35353323627942,153.25259765333234,80.68005558621496,164.98643396131413,24.56549056814253,0.8102569055060821,16.31575839264134
127.27465020233981,28.00171550231401,86.44703850716326,308.5504499893071,61.23477329827387,343.5757446789005,55.941779562040125,0.7770855734484972,12.023067181471273
129.92882345201343,29.85173925084201,60.614840687556814,144.7790849755085,88.86225891702055,123.06014306147489,41.03538153949175,0.765663396966294,15.419310437883016
101.62556401839024,26.235090886940576,50.211292081018485,216.51661473635232,85.43030785563728,197.1864067256928,54.31152117761741,0.755637294294718,32.61756958319564
86.00622522140833,22.430805126416743,66.95529043906514,189.824761990011,83.3782970931666,107.65055580588682,37.39963749819555,0.7968288881862019,-8.802686510815557
153.21343266176982,19.206868455458963,57.99942153403531,448.7500807729874,55.80686455454006,484.3344449942564,31.19988018309236,0.7764708073516894,12.44941044098686
85.75664696364531,25.603007181324624,69.04713138076967,252.4524386277888,43.40315104437026,298.66215802238537,42.691809202551596,0.7622889881208329,6.258820646435618
122.8626494887757,17.495026916100752,88.56157202026209,428.205520043282,52.72824789274411,411.61020268286387,37.842128736717804,0.7480815292679787,31.438840606022268
100.89370212939534,4.550546615537748,63.14047517369815,372.4945067506221,68.92481881333441,364.8759555587051,28.222385420086418,0.7881546451207564,3.8711438975223054
139.1591930298557,28.055918629103676,69.35764928032637,576.4366502525747,75.9157342706471,553.8207868418459,54.69784258787496,0.7564385366962821,52.460823233542726
133.34648421147793,31.32754388760337,70.87034102212593,122.46669322323311,21.56857190479105,133.94629976755786,33.77729777106004,0.748611363529204,3.3359647863441757
161.50159777031598,8.459472951207132,82.72646323307927,451.10798877441584,64.837735967765,484.85596513351305,21.597336152044313,0.8048785500660088,22.58174175395142
99.59934404581011,17.931885067030436,36.29665999023092,437.57290444808734,68.16178450646369,385.2897452316561,53.28166053957332,0.7548797093751569,20.534255873942513
109.20500258826515,29.334079827036383,60.89949557852055,183.19453943675586,59.44911487368897,195.47769535602342,34.957019841873766,0.7377776663428252,3.6723241729827807
80.8494513687077,39.40246828798189,73.16925538419208,420.85600037677915,90.82547678031759,412.5558472252048,33.921761073843754,0.7641852662306035,39.691726715903734
102.22826959695553,25.145555953727854,88.00118434640292,340.3373955631475,73.43560148501741,343.73922732214817,22.34612412970026,0.7998999400373511,9.306596753220367
135.0920197217941,19.903979411396058,62.621463287406925,272.7028488055911,91.20383816161794,286.4726688558198,57.40941486596991,0.7834737173686223,22.940344800629042
150.2795446658141,23.71972491226612,41.85170940937189,201.12774156336005,60.68078959299535,195.4816684001754,27.105194127903125,0.7696312889843516,5.5512178047770115
83.11338703289499,34.62413493403729,79.29567168949204,213.70686582609767,83.7495498501385,210.59926022392426,40.5844948070565,0.7695175503767209,6.1513781379006325
154.7842368042264,20.478250746128253,60.46956416761556,545.9774514943111,97.70132789055039,539.561196467672,49.1262032254044,0.7938200011287176,68.20427140246461
174.22551435219805,19.405655953448225,52.155000113644576,300.08193827489794,91.23386898545323,329.19142432854636,44.21716933003097,0.7653696866739129,25.144520219543075
136.53739612894805,21.620795344725774,60.63481915430164,393.8556001837751,43.15716813142534,406.41839898759997,39.40345688007808,0.7658708583745412,19.15069268217357
195.07183250232265,18.326699742189014,67.23211963516226,205.09207419989363,59.926478449152384,211.70958033201447,22.98334141712584,0.7584431454231794,20.699372151067024
89.04843203585708,25.858692211963568,60.92883003192681,206.41764645340334,58.09670589100407,168.28909482063486,31.90275164232716,0.7515243397473028,-5.201080315943193
70.21381186754331,36.37274920928692,36.91650914351396,429.83817710999307,74.78509070152656,418.48078481359846,41.87800338042522,0.7620793956401355,42.02033244410113
48.85119004382885,27.261554911812205,83.45599295330697,138.05085461381614,78.72707110029066,165.01092942399137,32.12825930013004,0.7722169088304272,-16.696856293348326
179.84177245956732,23.233525485115987,89.12312561918083,250.17434785136743,48.22214651948528,251.30524504508512,42.03359459998768,0.7605243981610722,1.4872596933978688
146.17462625416232,22.957321117591192,79.77282987009258,304.08328932866783,66.35677027833876,323.86923341634196,46.817434088151415,0.7738422708149463,11.024260982093951
117.7766131635818,14.0576643391234,52.93471494362775,313.36471222080627,24.601453356877272,366.36006623063525,49.625028858001016,0.6736459121924694,11.010523141132277
131.19874505279282,31.181768440030112,66.97762699078723,278.50880579806125,93.83890011603779,309.66698787432574,27.738206421873166,0.7724449769765217,22.375001243633864
74.98043810806493,24.455139620910387,69.90218027155812,347.49837373151075,54.75251518646613,350.293123862503,61.966460549789545,0.7509549198811755,12.619828778933263
217.83007918467305,23.73664060486562,78.98191584342865,383.14269069813736,66.11727879688993,367.8130155922656,47.674793445541304,0.7988574421369492,20.116964555544925
125.1688472790091,47.35175297491402,80.02510733077122,388.1565054551196,58.80700572023878,311.5500175734427,39.98285846330936,0.745808593153484,7.243836740632753
124.37579178419571,27.091270358559804,58.987393018322564,181.70354295986078,87.9205515002683,176.6519952856752,50.89536583076641,0.7819475983629025,-2.4803390833737513
149.03066495594769,19.737462649333708,71.22993334620341,265.9013882485443,10.0,256.12101337403885,63.654077719999734,0.7658043828787169,9.301400708703309
139.24036926946854,22.015496826561197,76.85920606922862,443.3715434252325,64.66779315348182,455.08252925709377,25.612798989431305,0.748390686280966,28.39481355417613
128.95536097116525,33.039119964377285,91.83733483220149,407.3576625088647,62.88362485004604,402.74050569962407,37.74737357508646,0.777997104869785,35.77421595131028
88.38102178218753,25.79289287376435,80.56759809737085,135.25686582227232,55.92727224816635,125.64531403916848,16.215683401266716,0.7570534944250127,-2.1734038054150906
138.85873428543982,14.932054151778432,81.83585031063278,342.1775880422642,99.52453091271265,288.7956201270475,41.92651532648025,0.7770916360126275,33.392057453686924
195.28097985900135,31.434602542026425,71.25739941894041,62.61297007502276,47.253410822884575,34.41393520052077,43.65394241925141,0.7444683060066006,-0.6344264777583968
173.8168018461991,20.322991401227043,91.15688717805256,305.63218824724436,80.43592354471322,319.9317194712611,39.6083788455724,0.7636983019503671,30.679361762779102
183.72746506557587,38.113084433522815,76.14644193939246,527.7320420095173,72.12505577412168,579.2092709434982,33.4546642900169,0.8304643715581856,41.82934646335931
99.5513729427526,32.56033646000254,57.08368134739644,186.25287392772165,90.23038505071031,183.32711241535296,19.50485483811675,0.8061528535153534,15.660031633985021
80.41580718965676,21.868746730388743,91.05054955187786,199.88123454101014,51.656218304449894,209.71556674823384,43.73533683411769,0.784742265337714,4.707247613774271
114.96852319601408,33.96711453214579,80.46854908808541,391.68357378874316,50.34062201752482,420.2579184973273,54.55434483915325,0.7686438772937464,24.765130256845687
122.22899649154779,25.474988573691824,63.354339683072766,114.86381817484249,86.92139814954797,90.537000088835,34.08981544266568,0.7511086186739351,13.968206572926505
163.76766073883795,30.969415725855537,62.80760548901135,224.06939641379532,73.50642616660221,235.0738177123586,44.40059929023145,0.7813321927026978,6.024559537134862
52.30141481140723,28.393129721061324,74.44863317711143,371.57293650981035,34.10125306646483,349.35823331984557,24.318556865799493,0.7812136517636394,-3.379148290960961
181.18201277842456,19.075503415063885,76.94777192901377,223.88569827727162,54.213899710734594,249.83043143200194,44.57213063692514,0.7466673211835075,6.1775074763490245
113.67968405684043,20.495151173777767,72.95938398446809,271.6836015346834,72.72765307696122,276.2256929732354,36.06617702255343,0.7948505067749371,30.85951835189045
102.9247572021032,32.20972572306813,74.66963010164328,389.30228523780414,81.75528443093178,398.25583965724735,32.375820493970856,0.7952516202643561,36.775757688176455
79.5158249895933,22.656572675254214,95.49936061864571,350.58553002438737,51.4153869361409,327.1075721018297,32.39636358783869,0.8030295852879922,3.3517276090011574
53.80573312536923,22.174460757306022,86.07314728352328,332.0182075554482,10.0,353.22917834377176,36.0638841796699,0.7358251744958267,-9.234500603896418
152.92682335847658,18.314141944554528,72.85953386897536,259.3053264875954,75.46446371474066,321.8467141245259,43.824333156925356,0.7526327122647781,27.47460934999539
122.93271868753615,27.96519345915423,84.11965871151224,344.4073338322746,40.59358620112049,314.1699829694284,26.878367988044822,0.7550007205166959,-0.8008987345947922
68.40156401035784,39.43767443470202,54.512141447086904,285.1520783880292,24.653224037551773,274.9593081586035,36.02884668432147,0.780229377876752,10.577901841254882
68.19684911745536,17.52726960022009,75.96890574920214,354.93667319109414,10.0,361.8848974161369,39.58528222000852,0.7065562977171582,-3.6528847360237933
106.56861202839487,25.169536196709306,97.13959524599665,240.3681569858426,81.27961720395483,263.9603433457171,29.009607754681408,0.7405694119669525,30.638977387909307
186.7608610115757,34.88554388790801,66.72931156911439,278.09172307445505,67.57234900809934,261.305334515771,57.966652016750174,0.7681840844776568,6.73093802059462
109.6163459454558,24.442510261279995,57.28549107071373,181.20506489375833,60.486872385754964,96.21415618947613,31.465045199386584,0.7619521367775784,19.78501275442767
59.874281875275756,28.166602573748136,60.21866667110409,295.7990867992517,92.78048725925524,336.57477162417246,33.305630863665094,0.7865531122340418,23.43505172042494
110.17027743656223,17.563245302971843,53.655504439864174,202.67989636453862,77.74649366046145,225.4950799520629,30.21692050177502,0.7987144061044155,15.107811624298236
109.09105721009318,27.99814968045354,58.22857137808445,166.3144259805608,97.32600085443833,114.02600006596084,57.984800871381175,0.7702161732434277,-7.235813845072144
12.124534282337137,23.68999014496816,64.44237852114956,331.0393377426466,37.14529055666007,312.8122739892599,45.529052285994815,0.7174538129739192,-13.206925136191135
117.8282053392875,31.90010996975904,48.91649471232037,325.5287731029192,64.30898752092072,372.574245988739,30.634079937563577,0.8138539009231901,14.831904704084367
110.76261879165288,33.31170236095326,70.23427500924404,393.9448481938287,32.66573250103971,437.3787407475647,51.06231558859969,0.7310696058251644,11.876827686373352
147.84825459253673,43.1269454941303,83.53415760679971,248.2649316509881,60.412353362890656,276.4241323313564,42.00698694288878,0.7464233381583367,-0.05692042912330919
193.9582437978138,29.05743221249503,56.38365729779619,348.9663416204107,60.02768292466645,343.6829686016148,42.57253421111502,0.7893164814734507,5.647384110464676
165.06260118191028,27.280574216075166,92.78925885462652,366.0957086728396,77.53227274526142,368.58533123721486,36.55522791247547,0.7701097855780576,27.47370137609915
109.24445237780678,26.36069011104135,77.66188132791392,353.37285693979135,65.91127762283797,349.44508278600756,32.505840130430265,0.7719360897315937,23.60790625523771
75.73896365033319,22.527835950325183,85.45870878436085,200.92155806374296,77.46814276559832,234.76875156180807,43.37766099054601,0.7853765755668417,10.8469914589726
222.93439212999442,27.36938690423184,60.132481692217944,317.92361787254265,79.06880266277788,291.64834567768935,34.549127700044096,0.8008413250835756,27.93343814975464
122.36873736057953,22.932190129026793,82.81787840599924,343.69683552655937,100.0,319.52284588003323,58.16755629575105,0.7758805192476393,14.924744964010271
120.55717167651785,26.1792268338873,53.6209914940703,300.86141602895304,58.69406689427751,331.1696536340335,27.307088947568957,0.801553946881154,10.595115698006309
119.03499651559987,34.22318274925572,83.35371251254763,50.0,46.17954598667242,48.66915633465315,55.36156772854945,0.7137653057000753,18.126843945750128
127.92339043071419,17.954202043042514,72.57759009690297,319.2587548768176,69.92167230632818,360.6127755404318,38.88681151202199,0.7884905374386191,18.284779177722257
114.2255835230423,32.97914992790332,78.29876829977175,565.5037247276691,48.954399457209135,545.3583585182528,42.99085734021106,0.744789391366188,21.88179662848516
97.05351972479055,34.21980547137906,52.36608091562722,256.79528774916207,94.63921536873072,255.15193693899732,48.33157766629435,0.8102655607166369,42.75127243622836
98.12564235038431,24.17352031106245,56.57395236585093,212.63074825736146,59.33563922109535,184.95835871204287,33.69750704995564,0.7723994570721718,-4.248381061351676
118.68986919136006,10.147015706939838,78.95842327380078,344.8018271653678,53.688472642520196,345.0227076080748,48.642483846986366,0.7487933845269762,21.82587954004171
98.26300915464941,20.745246090338973,55.77477993663699,337.4853852559886,55.57368557697764,293.1289771460246,12.924561446188228,0.7871662962150651,31.403408097297074
91.48616869291342,34.07896182592776,76.94809438148684,443.1282198499697,79.36834846943282,428.4992172213208,32.80010466778061,0.7977079097785272,24.807091084056246
124.25720910767588,24.839923563907824,49.49293290309632,149.05582129093347,61.84506033537029,105.96820534308993,30.759371926589345,0.7845326010468812,15.82841672875319
109.80091130316579,18.004884373935624,82.72261319000002,387.7656303089991,52.16666359739236,408.5833273047368,27.464939876282383,0.7472499250431502,5.295504697076009
180.15971954330755,21.466575551402478,51.51215027847236,370.8506473501756,98.30703835247061,392.3483275429652,37.85045161921049,0.7781180412180305,21.500703515829265
13.961207664279527,30.884340185531872,78.28449906519285,282.94241556713445,47.876603186764996,231.0345336526041,43.85749968181695,0.7606995949464088,14.154345632375904
163.66027407689847,28.827134977409656,79.38446400469002,340.6424781506028,65.71132148065988,380.65905051562,47.026599984993055,0.7679224876918308,25.174895447219352
169.84340769990516,23.32747530581214,59.54842272355638,423.5348977918029,78.0461230322046,498.4573515843985,42.40876757200407,0.791295340753268,37.36583577100754
37.06439070367402,22.432229117297187,78.7303985062709,404.677845603414,32.37329779165854,406.05803720550426,33.34306535106453,0.7158857046403777,25.074930100001048
106.29249623678605,22.257692956693248,73.90663395000334,162.83768255115257,74.6052100281185,143.60425474441323,43.69016437825167,0.7808820967916538,8.81211141780302
105.14236536016834,18.543128708510483,61.91737215710893,398.41898241065815,43.89784649039101,483.14890014074956,41.2428569485085,0.75377643907191,25.119467968119277
63.69953221128715,36.30762982628609,54.871679738856876,292.2373673960978,81.45565561668005,252.66831244702246,49.36056167936016,0.7591496469768529,14.648043064881447
88.88733249636499,22.74375671552062,40.56061462491131,308.7448917618618,45.74697976162047,309.3480857679348,47.76936702931516,0.7436929442166237,19.524941073382024
75.57696618136686,33.520109645778476,75.2447507094954,308.7836389202033,78.85538063697722,314.172307099161,40.30476413920629,0.7730455077863675,20.89796737696961
190.09081773694493,35.64921236345716,46.52795842956917,281.9708413442088,87.11666132589426,322.32526995778125,31.027469938387434,0.7122283875922405,21.952212367346398
157.42713572589844,31.98817628703572,71.43016299161962,443.0048996528478,82.2287305126561,453.7970689066515,33.47049844167919,0.7670474243079932,32.17687560079554
170.86220379976635,21.97865781097366,66.04827675876626,289.9538448180946,70.02633296476205,274.99482794444106,34.50210640361966,0.7571462380683693,-0.6736466284821958
148.8668825617294,27.826110632356265,80.18714163157293,165.65446459401977,60.37398114140601,137.1189334823811,36.84733666083744,0.7797884537589042,-3.442383082320392
74.83792915131083,24.830630755263588,65.46931750765204,252.77641728363255,53.47160847330312,242.5217626762485,42.68050427589753,0.7478211193036719,11.13323507097095
99.01918934880905,18.674086974889104,65.05828320479363,321.44336601725706,94.42069381634208,291.23554518890273,47.15174390128058,0.778762547734377,6.763357807405551
139.57498244911673,27.27051497205122,80.97806056432444,447.5057741156461,51.01009559664713,448.9405337091866,39.48881306984622,0.7945039364305957,26.44850052653343
71.11488764432218,16.746721461881382,75.02587043626177,372.37136219386,44.25867852860008,355.44547679804543,40.161247879004726,0.7799679952969071,21.56995044593419
148.51993720689552,33.31375571923095,74.74233935774167,197.93576655035474,78.3073787006566,153.1146327516622,41.43306305000004,0.7947691984341974,15.59049381208897
110.3869840736746,21.747678918911248,77.03901384712789,598.222790001467,49.07726393627009,635.8771636527142,34.840946868676596,0.754088899299315,10.9280597484217
105.0071676980161,26.408117591109875,46.966418151893414,331.77303731735753,45.99873005067745,316.84286161448637,30.74607742357044,0.7746361873840606,25.623219439790518
148.43839872813965,26.983015100822996,81.35183019980472,453.0468885598818,36.1279147566047,415.0027844106224,22.4456210268929,0.7566523150611626,32.75671861906184
137.7705324594416,23.18766518407146,79.18703191020404,281.7942679707325,55.34180321078965,276.7464939361063,33.04850641923127,0.7638344854660867,13.382769308728513
105.5613533672368,29.106856610326922,54.74975307135254,364.00310936465394,63.345699522070134,366.0542563436837,44.73145453267787,0.7764471202761627,23.008696012513237
166.37319213456993,21.67567440364233,66.33879289488698,400.73622054220857,69.86183455321398,348.34221877483753,32.970885619604324,0.7630997798223071,23.381255832839795
76.7574668960041,31.09908108220071,69.41039068558553,446.1833654105107,84.02612488598967,456.1327954242836,37.621929625740606,0.8105865456441367,35.6934400465146
144.63742427777055,15.578142238272761,67.98254823397401,426.884196645387,75.53795847331587,395.4694695846791,44.66431287412317,0.7711670825824622,23.6714358865639
143.72405031873535,25.88465705682488,75.00789949852802,404.66364000875734,61.182555608936404,455.99450428448097,45.206894964226684,0.7793964206403935,18.950931382154476
107.61814242744039,38.572502993407994,91.47050172746775,262.189592256707,61.0360864724056,277.90840761900904,29.20467147833961,0.8008686513778468,21.87349835621741
133.04532088968472,17.997680727760976,86.22650091509243,231.39047496527263,75.20314937830366,219.39347526199313,49.970593564536415,0.7932434721112944,37.25970326402663
69.95545694458788,20.25578520632604,50.31671209852891,339.9129012389037,90.45140325857139,317.5578681293832,51.27350089355485,0.7516652693074087,9.109686535236538
156.96108076827605,28.597354947612406,79.33104985459073,411.97536868092834,67.52628398966401,408.8263374540196,28.701501427814403,0.7840506094666854,20.773509011071386
112.60391454228044,26.257072473577185,89.93399979303115,273.2735159068072,55.61738291579182,291.65723815430584,31.76163130358846,0.7852945899560323,0.13089740238673464
99.09107917923842,27.454410694914912,75.80212781033804,427.8206358857264,45.142679978289095,427.0558120281704,51.910906831461915,0.7748353283829209,30.884620479522013
161.96036903347556,28.424309911033646,86.3647063777895,474.3140094583415,36.09589471175549,467.7992452442358,38.53146478744699,0.7342226112373511,6.693090379281273
91.82625237828964,29.44305027993239,100.0,190.04148971118963,78.32539344087047,191.7925984357265,17.80222052548149,0.7706813258224443,-2.9603590244420683
63.661548145457616,32.76789889369356,85.35564319160471,199.5695155444464,76.55957047279114,181.45374760733776,26.003184952673138,0.800369994465426,18.610688229424014
57.73483305904385,27.86873059849959,73.73962893462593,283.15499293135963,76.54727050213323,272.8588151260685,37.50630374827519,0.7617865367129312,33.95463766630718
144.24039805382557,23.311196417670203,85.6763271112713,336.91352018270356,62.426811072958884,274.3397470155534,28.36957349715398,0.7667086123540469,22.76172902110568
68.78282590014868,29.70801590841912,72.17331749645336,237.05195834795387,93.13869491783501,266.26374527352493,35.86576229363558,0.8173271349608662,20.093507583836736
190.19176727937457,38.29917354426651,70.35854564927433,462.26432146405733,55.317630108303646,471.22825487371017,40.32396213683579,0.7646056414054053,23.643420500973964
36.72282368465112,24.071563775321984,64.72878646429402,350.88802338221416,84.10538474414412,327.68434806121127,54.62254604034729,0.7611304458032911,36.61056273979912
187.85825473160153,18.17829486730551,93.45120038248163,304.73364578888874,64.22514210020914,361.6956952295459,37.09546083772211,0.7534315856615299,6.003840068003633
128.44069868810473,32.74956468500881,57.72357001086998,127.6908571357767,52.83298470641325,130.30135154754828,50.72541799572759,0.7678532535461922,4.061688995626886
116.1314755251843,24.157331852324813,92.98551587017174,142.10210202869914,76.85060614635523,111.01779486944324,54.2876016203677,0.7454760624175231,3.614168761001757
98.20323652764202,9.791313177901747,77.49796185610558,333.7211100338168,73.19272237367987,359.4232326779305,54.34309669352076,0.7653467129008554,7.01567248739711
135.96544457408282,30.931951740052952,49.01040737797088,50.0,72.13945518533852,61.94144649527787,42.847545933855685,0.7798800745123129,-0.4707464099070511
118.49461190300606,21.25270269832254,75.51473939487133,421.5164891572886,66.62556844112397,433.3538887218152,20.36710852161026,0.8031856480750322,33.63369654374356
164.13207528066084,24.366267023870876,38.49960238522564,281.02153867532155,64.24213836566338,268.24887053577385,44.608248654038654,0.78208955619402,19.785416294686584
124.56910594648159,27.323862313983103,79.38262025246553,689.1711563513679,100.0,702.6860280647089,50.48399887813541,0.7705734979769159,59.54880786652897
126.01207045847511,26.333497758453465,83.27847224483486,576.9499500739332,88.68513290392346,569.0972013673004,39.189328945645826,0.8061541541195425,42.713151401314306
105.45551151144576,29.966162719973276,61.1146606652192,278.226111690298,79.45653789971024,294.9043552396733,57.44583870075249,0.7665042165886798,22.178257313283304
117.72217505115731,21.951595406011098,71.85321543933374,287.2395596962422,67.23598316406776,230.09122607592306,48.598335614674575,0.7443244304566432,6.369110892781796
132.31207075568236,28.59174058723258,99.31236150625429,419.46978168024356,85.14314401193339,406.4535777908679,45.68273377152784,0.7754259246891989,24.599219454240945
51.593264293734975,23.18317325691258,62.41379943607095,504.38071319016456,75.35989552782904,556.0453661244104,50.86380711205838,0.8011841896532109,32.37311579240732
66.07258311577148,30.17167336621252,54.11638619415099,103.436513107678,65.52409505548071,80.42448944566898,43.333698512608784,0.7730667389752562,8.014683285723192
149.7305637609086,29.307572388091373,92.22495103693899,85.63494415743762,58.9287134946817,67.51979523264202,15.071895006046464,0.7751932255321226,7.113780378527306
126.83461752511768,18.451929085687834,99.43880785796192,225.35582333347423,63.38165324674624,211.91698317997498,35.008610485296344,0.8039324763718412,10.099556131113653
112.64066654589283,32.60187481322522,70.0554350777177,369.92850998086374,10.0,333.4843259042044,51.97168027247854,0.7107813989771679,-1.1448509728459215
120.73735732261572,21.248255884201665,85.17194553112535,359.62483086091163,69.21201678595284,293.37640757406405,31.924086599017038,0.7493168001322159,50.22847761254105
133.90326821446683,30.656404587968016,90.12213873296321,428.372574598062,55.23047839779281,421.4549826423536,37.76527494763061,0.7339687272952706,26.43300195647128
98.40961278762555,27.571011193809383,58.86273651192424,156.03629659616303,96.85339996565767,160.11207931861273,29.55163686096929,0.7970141726541392,16.17646768300926
88.86781098390749,37.86728573756586,62.72041246948198,50.0,65.38688141623508,48.42484794384043,57.839225952017685,0.7686715354648147,0.18096674480971942
127.83381020390726,23.435738123397034,88.46311769732102,402.96170343625744,41.22073160930076,398.61534657782084,56.814924574180154,0.7844206157779918,8.517333278199676
80.86508889539871,22.55478242717262,95.27521418062764,200.61644724417187,64.00239691743765,201.9076733696835,31.161311048592708,0.7775223066868764,8.675328763450871
136.33011022857886,24.86406275878587,78.44321290261533,57.78145627336346,44.07757829874991,88.46670041988638,41.47298000389084,0.7515137519586217,4.842293757595187
51.89665583048638,22.877741520160072,56.802784697469185,317.4076495151258,74.46814831424933,311.6942639372493,33.19505952235952,0.7773114537579789,-0.4312312249554111
161.16622549302576,30.59959331359435,99.80591667549162,395.18108258624125,70.81894728678971,377.95860527362316,46.149446390313784,0.77391878809552,5.965233815322803
138.90389929652173,13.685825740943885,62.03543653282053,285.3531441454467,84.15679262216536,276.91937959880414,45.09683077242329,0.7451141216127923,11.524648678350932
130.24118937255503,17.62422306597552,64.97293328242823,245.0581936581013,49.18236416610869,262.43859645080454,48.117055716132654,0.8143626982549124,11.886534439909134
159.30763935782056,17.525379548945647,75.13506751734432,280.8765321424912,65.68016192456294,323.2373384987887,43.31918447707887,0.7802417459811961,12.001180829541838
186.61897777850305,31.65215314381503,93.31240631072161,255.53006851190605,37.699564091467295,236.6857563368307,69.35406206388468,0.75224372958702,22.027856089583125
160.5748026007252,36.97429360807348,82.80963964828335,138.23434656717995,79.0298956384943,141.20236017804646,29.72076234989261,0.792901998799851,-6.161794233967482
46.36503074673419,24.2688554702377,76.22298250542866,214.23831876114818,75.37742360880245,224.38904201922696,22.893966455634857,0.7950087414794429,5.324928810444421
68.81692133057194,23.818247937669927,76.9493279517716,362.55358860165774,74.91610042055142,332.7762483997931,36.069097992985384,0.7738262511023315,36.21889041241497
95.00725689217285,25.49036514179227,70.65272002965199,338.60142496518,65.03238062713882,339.21393998156753,24.320117344397325,0.7625953323854362,18.103585742574527
121.04364200843335,33.13314811825733,78.37209271777759,320.16717671601845,73.29545781577582,276.1969609957556,25.075377299940072,0.79111412944434,27.41334271866574
140.70636081876492,18.50852806066598,32.05659883458546,180.58218217759446,97.08678216617193,127.5106730654125,29.98685345802033,0.7972615518563089,34.49017295561918
90.97024747386138,26.668582879143496,65.55088811395302,278.21962054371994,59.298114859159725,289.22201278048766,30.778110945683725,0.7542178221640867,5.504965286413421
127.47067057908313,31.826383408477007,73.61982902375172,50.0,67.77290367420169,38.483757760076514,30.4538189804994,0.8031310183702963,1.7283826793683592
89.7846827058671,28.507659189578916,52.73478874570739,321.41719966624674,43.277474016371805,327.48561189488333,45.182189504454115,0.7639511208833093,7.902386199418157
95.53928788032206,26.327071316191205,75.7948497671734,471.4629249376281,47.63478076803335,470.9260756273776,34.93810938914664,0.7779323448126253,-2.07509971907292
63.73355612607111,32.007322647969985,66.93293168520817,123.1041441549473,66.95626586186614,93.81214269503339,38.2048542512752,0.7998550944091489,3.4889126083038065
83.07067015556383,6.077373949005342,96.33213547473235,229.68867920186938,87.07867093403814,228.3310501429393,48.94232774500935,0.779294413566813,24.39727768272619
65.93261577534665,29.745127236716353,93.59529587822284,339.4928134452156,59.87438351496855,302.4997742947699,32.33677475218574,0.776575199471511,21.191279633767827
80.9650698809067,20.421470218108034,63.012916463227555,450.341116131298,60.28166941375752,492.07028687134004,37.35454101295278,0.7851350171731153,27.505138762061527
162.14567186431358,12.185569722004802,67.73743432649957,246.21304604398208,56.86229510991251,205.53393569818314,43.65759986092915,0.7508366459206764,6.756802599403391
82.02404444672229,28.578418196674864,68.89078651587411,216.92996048809243,54.30486658311354,211.056402359035,20.584321993797786,0.7720581699503375,2.534145080474639
225.29528259349564,34.615609816140704,63.22510785760566,63.729222910070035,70.89942911417643,32.46107526865258,16.150944910494175,0.7831154028169629,16.230958354989145
139.73271603523557,24.037860397606156,72.9253747604219,312.41257551697277,35.05484709642711,329.52521071779665,43.461173287977225,0.7353679005281526,3.080265299999219
127.39344494779496,31.670121830420573,58.625768966686145,545.0491248172493,90.61879153333456,535.1061836788042,44.92014280566899,0.8281860886984441,43.84633344207503
85.66568879275147,36.285947805920514,53.04076997593711,333.2830154357611,51.69155403741079,317.72301384712483,60.64220134852411,0.7295072477443001,14.201237123380233
148.01239517635966,34.204401175088336,79.34066835850403,297.3265224979544,79.43806970876282,322.92256884950103,41.5809487586681,0.7512826721530378,32.36174941924267
96.97448695048905,36.47975170559975,79.44294376332716,338.64987729203824,39.60002805212248,339.5327950423648,48.19739717258095,0.7816253263883586,20.196144908488037
124.88039258581446,30.194892437503245,57.93526360510012,298.6689595261677,78.37680261092436,314.16829290424675,38.04527356414026,0.792040144252151,5.5880582435499395
222.4033815307518,25.52803547231115,83.430331461439,202.4382753287844,78.43889215628995,172.99849723326048,42.972272215850865,0.7558084680637741,0.12597672950902528
116.157604011014,13.78623931671982,60.52633406252003,398.79358988132464,72.68404144011794,356.6490815634994,56.67256841749534,0.7814860304968442,28.44119741050315
165.97093305142704,23.27756258309036,73.79747857056972,327.09138277341054,45.111429564004155,330.3076216346146,18.760071818743643,0.7962847021363252,11.10625012610786
91.8729429949645,19.09727383278666,82.30516018918684,302.11359023203886,69.99096379196155,292.54819956719695,44.1361625757168,0.771149371971326,11.754406328557677
118.60046038012153,40.1965990224847,69.49581152944431,182.95607672661,41.33887630531222,201.74911690022833,61.35586730077366,0.8042391359639156,16.23889916732387
190.8320254254204,23.768799312973645,76.82111368211702,456.4209518321711,59.94473489807629,454.0236982522946,42.82034219209343,0.7326450285740496,21.91978595029416
94.9213176884893,25.8624336474914,62.25355534168642,379.7643294399732,85.58826201910652,385.9165896170121,56.50572963232848,0.7897188811970367,26.19309801828633
192.49794231987715,28.860397632283274,67.05300124857854,233.64949951592376,80.93403854141484,184.94802361768646,33.707878504705576,0.8036852224437158,22.996132771360696
148.310077418219,25.305217124607175,66.91210853679489,420.21898244183245,65.30365885080866,476.8720906302602,39.67952505836286,0.7885748499400004,17.888852601706823
97.50132896422929,36.86535728301527,58.80132480189641,240.29149939377515,45.503868481543165,235.3642398428142,40.33524702388588,0.7565642456006928,23.95760917085122
145.29630956222084,20.641454467858836,67.34838755326327,206.15958089867559,77.91175424348387,227.08719000885156,17.824089206412292,0.7777998207195953,4.612742517393647
158.9021779850692,26.362252186660697,46.7707255170438,208.83562590236556,65.38762475396051,183.75287579577676,28.318221721498,0.783081249282276,17.262473063145364
144.87239848868785,19.80270590011366,62.63269379286843,87.47177362942907,18.593688035391537,96.7120706959493,29.03124920616014,0.7669025589888891,15.585636248188475
57.191011204381745,15.75984242145506,65.72686759945493,356.5850856501847,80.65259652633037,317.4997427444423,48.220660780325275,0.7879095687547149,8.886940624419001
90.91451296700527,20.717616363663,66.1573037125693,80.26261459939798,64.51534332260616,93.8246497471881,48.72153105684055,0.7884423701601188,0.649336977266012
110.0992545779398,24.740742420661118,66.37753831193832,152.5867402481085,89.04902495966144,141.9075177165335,43.24036442706533,0.7611750040103763,21.764691866424453
117.02266283599815,21.99488442837918,69.07353700209806,50.92943891057601,43.094589623143904,51.80515402864303,48.24102896855706,0.752519566538532,13.224062831986824
144.82688390202713,20.15305314088301,77.19162277129095,289.6716368650928,10.0,310.61085776899574,38.35850587278226,0.7246921295956902,0.38427155014994274
127.10804003733016,15.155777754297162,83.11775611198783,281.96154476737536,70.5816771669037,244.98533543076695,52.01931669539543,0.7619627880531105,7.8173533658202246
66.58622565159595,24.418260991599137,60.25352159727599,260.7964544176363,70.83127353363946,240.2617024992524,40.08788442632072,0.7936936892752096,24.22090061423051
135.20791404023853,14.466957381782985,51.951987169162834,174.89067663953085,31.186567447870964,188.61040507213383,40.578640474267566,0.7555793699961598,15.95660216043813
144.42342981135292,30.32039174582722,54.36933381635345,159.3319495876032,45.43000908266787,222.2785938240056,37.34407366737589,0.8136489657041166,-5.7570745696197605
142.3916179172416,25.577078270541524,62.69195618207609,355.72438362558887,100.0,351.5819135857444,46.844504776364275,0.7898147759108851,16.05650094426442
163.23122902218486,14.797139503745486,64.72118023275236,233.93376819498147,58.88778771692393,251.66785173269943,35.78801183387087,0.7699013279198955,12.858605931432987
153.35688618195616,22.835536460650957,58.45005900703814,337.96299858433736,79.61917952752432,334.75385448858293,49.76431377198068,0.7770039540209723,27.201490313641063
138.36720316913747,19.734905160865917,50.55825003625158,193.7701576650933,51.98680345263233,252.03752550778228,28.678508592839933,0.7546336752912655,4.611104760653939
117.19337154165412,27.234221572934263,63.15818758788718,321.72752913252987,23.193942022936866,269.3108791235722,29.01083745271806,0.7517369875281011,12.40249706938428
53.56156265936035,34.383153122162014,72.72139930170957,456.39336447792766,61.59483506408189,459.2319958180084,46.87426755126504,0.7892908978088944,15.086764491204832
137.18472876530342,11.873792712479787,78.92544198753347,370.339896047134,59.687908794277895,321.5735750402722,39.114557854169874,0.7703890004034434,-4.117630476826733
128.30750748652446,25.80518255403192,61.63865420337518,250.51034181402235,57.00243522663257,175.31319469792084,35.46108583846872,0.7519936972641061,6.4992333242064975
130.86315348781494,23.87907043103352,63.80503266784849,330.8638764427113,62.70718328987215,339.78773803624574,48.90057732475459,0.7481817260379371,16.155253058268947
68.93005696718762,29.69938053515326,56.09952536729034,271.1201790563744,70.28536543291273,275.30511294079815,33.92738585913916,0.7659604291253979,11.837574486810459
76.7577383836695,26.492376397663826,69.52841244437835,300.9456221633674,61.99766097492387,292.40051403110135,37.9979874569963,0.7710767029385807,2.8006583898831874
162.12611413331615,19.736214677828265,57.27357048713778,260.92667374217956,39.71987664105272,257.74085104098697,53.99227950071159,0.7775339851798381,-10.098146746605817
118.4177938457338,22.766622450333674,78.596917198618,280.27977529375306,74.72369583123879,373.2287583158908,55.3914234581065,0.7439346480508586,10.439737518579456
147.26002789490497,19.42781900237558,43.21200262098833,325.451202368901,26.012564893551534,317.705948227958,55.723982102703275,0.7398925622581897,15.240355353624059
121.13273504521845,32.53204997019019,64.60555491321307,180.79695605016593,23.992850854315996,196.1006868876682,37.17874223066089,0.7537290031466612,15.831525993338904
121.1902455798298,25.149181540703594,74.51661008787613,178.0945407612026,79.78360989403136,158.61359617278617,52.3070290498447,0.7375255808794736,22.35665352695682
157.5313522390399,38.308334800271055,72.75751774483757,133.37489354025467,75.14040544270713,142.23187079147277,30.51047172231322,0.7617450955453314,-0.5250051587697797
99.35821087130505,24.575374303297654,100.0,107.96746745955483,63.85209269851928,100.8204572078863,30.93097125277939,0.7590489841787021,-6.304218447731803
123.84483107763934,20.04115263162676,75.24700036851861,153.92607693354248,37.09102990489856,141.61052245165058,16.49544147375639,0.7476774750333124,9.235043754083092
101.5089884517983,14.40399925171021,54.93918104736984,319.1355008164955,50.84178118651849,373.70245678250524,56.728682018985296,0.7622400768879966,18.71866344730945
102.62015090270738,12.378022266208385,68.56803629366391,192.8654981409739,59.74506504626992,228.18104703650408,31.360201509239218,0.7672532798803272,12.842572783865133
107.63311506125443,13.911048398961572,43.356304998003225,361.63373570773155,33.08212062851773,365.7361351297085,38.7346742025294,0.7438149360014793,-11.241920290231258
128.88535086534853,26.869886557080385,68.79100376054859,304.16564985030743,50.219426839535345,235.03929177198842,30.89675658071716,0.7743999389766052,3.1601322690834817
100.8500551334609,28.561075162609537,57.50415914498862,63.779494387433544,78.04660676353359,52.949217689856454,46.9516524833014,0.8093993019897014,3.732118184339245
170.23024502294084,13.931665085775066,83.73085413340243,378.59707010660276,93.54610728578433,459.6878970387553,36.2436633928266,0.8186850849598792,33.8669638976417
84.21570791121985,31.26526819853281,61.756895881066974,397.2958374710052,56.61130494682899,390.37598747181397,26.951831095670506,0.7317646677034666,24.131511677101038
112.52513423354564,21.618572638215923,68.2485112630713,180.73647901981758,80.12976708632196,213.83300618142732,44.416625641860605,0.7882813395273056,12.858718797177703
102.410757669033,26.027551083898846,60.46663237893395,350.422985147399,26.718798588250657,393.68125720597703,25.662699751897716,0.7521001235672793,10.34966214340107
177.8791153741493,36.28554439778797,96.08277027779997,197.22021151089612,78.18902482227223,203.78912898657538,31.625942746845087,0.7827098364443897,12.91839718766274
127.86219106046299,31.277875211058724,65.18135850823133,311.72044520980023,48.921031705450375,286.4657962537557,18.93110885373919,0.7608155225257525,18.45839139979456
161.2737815787454,23.120285464659172,97.48835565218803,148.26019116540414,71.1469123341594,75.20082121191749,25.760418878023934,0.7801971031014165,11.358374370972115
60.577585078521125,18.761654422092988,82.212276431774,84.82722569585079,60.04495163520581,105.35212195411943,41.78529169720478,0.7705150362298818,4.581953841517093
130.68201063477036,9.937292190694865,77.23100091003079,254.06193724644376,91.40828019567668,229.61925716173732,20.354639618970754,0.7780187130651687,15.384524362036274
155.58523182493747,19.96592676530306,75.5309972097628,285.1525264470197,47.51128703320164,290.43704000365045,25.188542753782844,0.7482717297339624,10.950472357086863
123.29135957101697,23.522088328206138,75.90695947324377,252.27843676624752,77.55212595123662,214.7838265785666,39.97631083867192,0.7678092560716271,19.867893886115734
162.61921500261406,18.089743309941714,41.08491130981585,157.91633301329287,59.40985073406933,149.9592067991868,34.56393103906947,0.774020931344449,9.936452450510647
99.30846199598511,24.081201230353866,65.81674908773866,252.01211254426354,61.83389043980672,253.02368419129513,59.92036635959309,0.7749207621457108,15.883768680075129
176.3738976074232,25.537963180711376,82.67736956776483,332.3153703096881,61.322922136815805,340.373177741017,58.338965460243756,0.7802267509771378,29.32710814066853
211.95592494477,23.42600812734345,69.26654224788842,294.61283638529557,48.08653791011774,261.16817076472313,31.320775372488463,0.7547632358819741,13.344303062065574
105.48645758241364,20.44998193423578,48.922152297946376,321.9001236719056,64.71802068186656,357.80745213474614,45.57137618403482,0.7743644888317776,9.642147974560098
102.17989914396912,26.180582703767094,69.21393324133795,219.58617594549207,63.74703555756357,201.67933240353292,47.492825568794515,0.7868757219472093,19.85072885156476
178.13537908470803,28.093584546985863,95.56158274383236,440.60614976593916,69.82480496813459,390.3720659523418,34.02521141975597,0.798016736961023,10.889191843091634
183.1828858292285,17.367206457900078,88.70337573302079,158.8591996134263,66.69010291385725,155.5884970145224,25.044584635017962,0.7746550189837929,-2.607177964770086
99.08559891386926,34.87652665822389,69.06993985950952,358.50723565040624,80.95989099224472,359.5384949212,39.87701550691943,0.7740982063452543,25.826446057446983
103.19252731616571,24.309883074010166,84.2717391558713,441.8269311551954,83.47017232094737,446.64461415034816,38.271543251858894,0.784076107861644,34.080199630235974
108.72861564557971,25.131947360613935,64.50239469447922,357.70897112986745,43.987533563443975,398.5729432404198,35.64235503029381,0.7383069108146857,-0.8334483689297993
66.22197955862892,29.9575009627959,44.441926197599216,275.6970927522204,82.37545001181542,268.60362765014463,44.42316868164485,0.7739885841807042,13.749626120991868
83.25392214063207,26.63251291884451,56.133010178056686,236.6043544004425,41.27327145780291,233.01576566937936,32.492703929944014,0.7757805525193809,1.51499681741124
79.83436932991728,31.671956437392716,93.44333152762297,424.3305181255507,76.7571177627547,391.2349866885579,28.48002452420857,0.7926734941129887,20.950919675130926
89.28809739583485,27.00986915641277,65.89010377256044,129.24300896859924,77.39477569405737,153.85961405523614,41.090829703498315,0.7709647868487014,17.147733209289147
118.61260450452875,20.712938377516934,66.34924030937474,183.58508875444278,26.773662166749915,189.11436067678588,43.859700925688756,0.7545832848274117,10.774016462842555
129.36858930146082,27.53052467644271,65.5024270558768,252.29306814099343,66.8595849305882,239.69223632216855,28.23355056099947,0.7584667204911805,12.602753981746684
182.02001971256308,16.993916548755365,98.56204884359511,448.5184509014398,55.63007773279369,391.37821009747586,49.28090610991081,0.7771006099979241,13.929908416570623
80.06583837044836,25.759917940435663,94.38938373043095,345.57211632490754,49.8246948412925,388.9044821765602,22.29518862223922,0.7666673621112451,-0.29599870949885165
159.37289593906334,24.767390065488776,100.0,183.83450897877054,92.01704661398011,147.00411004508882,34.21886541284357,0.7802238346492142,27.400044448210053
111.44044623097965,23.543181999092223,67.61432184399924,262.7630753538116,51.92641718725162,245.02473507272043,37.41991463802391,0.7575027574803509,16.25676801907477
118.02145161390268,24.100237419927485,74.43436733120643,226.28122270844466,48.872461417639,237.03155804072475,33.6377628734807,0.7630870245087781,1.3722275653862042
146.99277968666416,11.827056681516526,47.25036175868813,214.8253209319758,66.51389880010187,178.9285830734752,34.349395264488074,0.7639945779220654,18.112613918197038
75.09111913750806,21.15892564581327,92.15401639177412,417.4667470268135,78.71179492596832,372.6614536792192,58.71074482308114,0.784905534736111,25.089411937135047
135.29638984736204,25.649914307987803,52.48330673098097,135.39082448837934,62.167028279797464,71.6723970073594,31.49115910961101,0.7637304954466919,3.557106317369444
126.65808832852224,26.1189947439818,73.25163345643944,493.0537026881248,88.32741091338505,514.6836112752939,64.41221722471914,0.8066993222098244,39.48399741668544
139.69805056032595,17.806274013518294,53.54046208550734,399.38756282215473,75.61951323928182,383.0319754803651,44.371267797310516,0.8038025863500754,16.861055761813084
131.5667457563127,33.859954886052904,61.16699759891956,430.90340047244376,21.435773605371395,518.7215032466437,40.92055137311992,0.7306108515936596,3.3109029359428317
218.21200559643577,18.936776062498495,57.441063534254496,244.44725855696902,54.410660729859835,214.61660658804283,44.76240353387666,0.7651706946933525,11.391791664595772
94.49040062994736,31.786200403687157,60.881871089862734,282.00711371050687,53.76315801296602,254.36358300763925,65.29927749251952,0.7442786633320033,6.28993825448361
98.76012179992729,27.990360533101793,61.91315945276532,128.02178225703457,74.58721906858844,111.05999314847253,30.064069960685522,0.7717414372823164,14.0600480327936
95.07437894300942,20.47640883109338,61.775968076123846,237.04051115198365,12.50365887251776,244.3345508061383,28.79582081063611,0.787661632545964,21.025194626432278
97.78091523358981,37.42717624826658,82.50000867670461,359.23858171717814,100.0,345.1324815536188,32.45133803428079,0.7841131702473998,20.62538899247219
94.50451490773929,16.64454217770464,53.4270581040622,455.52756741376754,75.6205218978842,473.8975338338429,40.32143146964561,0.7829183522495969,10.318117456715807
167.56066124430208,31.43407921527001,73.308121405208,167.1411819837058,67.97753607835382,137.78353028404615,22.742288751874266,0.7879925072937802,-11.06435237169564
176.8201699195942,32.004076226300846,88.26938728458337,256.1392875617681,88.63135432838293,214.6915360078607,40.22339239318608,0.7622360719965708,15.79958051331495
97.17014825002096,20.305658536463486,62.30205453229906,281.84409357209734,100.0,227.89765138982412,56.93547133413672,0.7658174491115749,14.952466577392933
86.70577707583085,34.7472571004503,59.23121663878597,132.5052957369018,82.41493289176806,65.79807069878588,41.51407390624777,0.7546327968458474,10.319508367067884
138.85662225545616,23.24967439780733,66.54213062229624,370.96190901100806,83.9762619294324,355.41983842675637,37.07314541024723,0.7631467726636865,25.099520736857038
97.91107822876114,27.020855404959,87.69587812541064,213.1211601908869,67.61380048928764,204.09175081909027,33.81839551316372,0.7166607794043511,-5.705135650800571
145.31727271022044,26.822252871398547,72.91161446430037,276.5531578587571,62.169484932661035,257.61004703426164,48.98511704551564,0.7772808553685484,-4.784918446742344
128.116920834052,24.059838809706164,62.03178558088602,245.7660753705747,55.484091119901976,283.06824928618954,31.741672267619524,0.8093034207047864,13.99508070266825
59.37023540011072,30.675657912118474,77.2581497678206,205.27937931363908,48.47776016570916,242.12028560188313,58.46395920599248,0.7596561071017873,8.913994335519885
181.90020805320245,30.55442104386549,53.46561775245365,299.15460174233345,51.259718006010054,289.1105121189984,59.33359747714357,0.7295044025730498,6.928464021306632
191.8351069238209,12.760276187332735,80.22039265664422,274.12685057183734,37.98888071314033,220.30921717607845,42.567507986617876,0.7433686603025859,-8.830163942507628
95.48845238062455,34.13038170014707,76.12910961552652,255.37705412656013,63.482570986299535,238.37590088490853,39.88484911923355,0.7605982938568798,17.04472605766614
104.49193760256064,13.36255608375028,65.38287293291674,212.58460539835886,31.306648455472263,194.589963580847,50.30659808241559,0.730209649258744,17.578768136387602
131.4346156289962,32.2278234303916,57.421213023291536,338.34296049395465,68.81833048287422,318.6289116256129,50.94798502227325,0.7863284225026583,21.08885082671704
133.378271599481,32.886935957793085,56.69978616574814,498.4340722190742,64.27338783915316,477.50250510212686,31.940082689405845,0.7887598700002615,16.794008916519246
146.3417709069132,17.363234988493613,78.02226004518866,316.7864679406953,67.93870596773375,297.18258106895104,34.73444866863298,0.7504399825069238,16.59653801179728
200.40818155065398,22.124299984317908,88.43470753733592,419.5341857893355,54.55736859960015,407.9379373124027,26.776525653167045,0.7837473474928001,4.277802379933526
112.92211090023802,17.260067320598452,60.44038379456808,133.17336898158447,100.0,114.10713601711777,44.09064938334057,0.8173090584565432,21.463987219770388
88.06811021846185,23.495552787978852,76.87580055327226,318.93137271525234,92.20231800360625,325.1810479740201,46.66627883456891,0.8201524394560237,24.936019727936337
64.82723087941892,22.84376001069981,38.694594720968965,168.31580172347202,40.10914999830554,179.12686320061786,26.500743621387272,0.8194085923744558,-12.149738647125623
90.76279840232324,30.45762372588538,61.23073404014201,122.76900869617182,69.65736174853797,95.44965608069712,35.44801095183841,0.7561544245998535,3.4597115276855206
118.67492108504811,34.17216122283726,69.53411600693647,211.27543110491564,52.839877141253524,249.40739088512663,26.52746082418651,0.8249461088512748,13.842521927673271
191.78231454071152,34.769786675529694,56.354748745272495,443.02792012962874,44.71040546585172,413.6260510744103,31.012001897561625,0.7559674743934817,11.643695728315471
99.29554803855314,21.064823813951886,55.95240437815606,414.0018994403575,38.198558577521304,365.4678810258974,45.510170602262995,0.7435969190004714,9.000489551890482
128.95151806555594,23.535446883788307,59.983306652966704,329.16056664652797,73.64433381518508,340.5839087874795,32.6651793332172,0.7835640606051844,6.750205953950463
119.34308415708992,13.215932654453349,74.38289092489559,116.07593281320831,51.372395298608524,91.55368878077812,36.99174043967702,0.7529474488355409,10.155309828002373
167.53573093792335,19.358909534526678,67.19006472390438,276.4463218334476,84.35652048050409,286.0850659561692,23.726882720526845,0.7930410782370245,12.009065445278198
221.07729703494488,31.753961431682203,36.42653150012542,336.20400106820824,84.87564429060878,264.0939430351923,41.869902097246644,0.7534753077613844,-0.06363561417420271
98.76524908318717,36.30907976483762,38.18949771047401,321.0643475494318,92.47828770422899,362.8380257939238,39.55726680155351,0.7795969117703797,19.434813268055542
100.42242229927112,16.359557896840546,60.89702233214237,78.74476998231052,47.95226467851793,98.91357222352258,32.71040749966838,0.7898746547765921,12.794055994657054
161.76643508276288,20.85275018592974,76.86529879080328,193.16185823761538,74.50731221384021,148.14756176272533,38.10985702317526,0.7746794731713444,7.279869952840963
147.27565958505247,24.81515970128751,28.78742735912148,292.310668302154,77.64908433284602,247.9473545867654,41.80294880503445,0.7791155732597104,35.06394691038176
193.86829302944136,26.961128111737246,62.50404735772554,364.3549091420628,55.5164364979207,414.52288626498864,31.85131851090656,0.7777079947900345,20.020912740735
143.35712741303854,19.332775360548478,62.106282152238684,50.0,49.5645608521425,27.878602895061242,25.237374559982207,0.7906243006444298,5.346928935827333
105.62831636851762,27.96842731124863,90.82506667312671,280.545122942417,97.19041331551946,255.51957748043827,58.05574432686815,0.7480739891159106,19.113224496407778
143.62619322769237,21.683124570503587,64.22467282430705,317.1658523854743,69.54991751464108,249.1842895609958,33.66727295289727,0.7863652579082001,16.66345816829618
164.3481432233163,24.898834103852046,75.74483477111393,401.95343862194557,77.71935501423476,391.43009245389896,39.032398968131105,0.7717871750318428,21.476056950506525
152.81928724789458,28.823989736025897,72.11885710131195,383.1429101084924,48.558479763441454,376.3113216634198,50.108397350203134,0.7625794785828965,11.164973166118738
140.2909612442919,25.044955888676565,38.04150280289199,369.9085582570566,40.614310669556126,391.37335116014117,75.29055187570484,0.7689189931673142,16.860588477218613
162.66698758356614,21.945298766314018,81.52310824947605,204.0071391957679,53.61100451015779,162.03478635023365,27.555135501111344,0.7446552285765087,-1.2139974661517137
166.7718236178269,24.232731372519183,73.23094758184432,71.0397435452031,62.51957225220006,25.43113977798481,44.4982721372651,0.7476574156560587,-7.438311796815183
175.2863596415011,24.381459285562652,77.62402959511884,252.8336691526319,43.715599863653026,266.3625481959262,32.92447714705894,0.7232718575934326,-3.2377890320942306
145.94839550358572,22.409922790825107,100.0,420.1958190250272,64.80310382699234,450.3977211618392,34.61209695423289,0.7610347439919507,41.17951644756677
113.31527678732583,23.188427561330283,38.73830590752117,467.21454330293176,31.229896238629998,420.0799727693953,32.7978797899321,0.7823842310699117,16.719245612027255
125.86854745733291,36.19053019353302,95.87044974641663,385.26589227573425,42.59905155060255,417.7113148647265,28.74345032199415,0.7602647469092336,15.52235785327563
168.26035866033428,28.92643613558867,65.68828720899467,351.5208987362081,78.4182249655375,352.64715398081273,39.58708638215339,0.7505304886550269,10.113710246850669
87.32257316051056,22.931637773795877,74.30993356604515,345.5567578063159,77.07581040555789,378.31091797855527,25.254973129517644,0.7712478383724227,26.774889722510483
134.74693235491605,29.87868083157515,69.31731632048137,233.26575038870635,57.162464692262674,231.15913954317784,49.468075665118704,0.7339835755767833,8.621256723318123
104.26644750690558,22.66326357170793,63.63645499902935,284.3927647735656,44.64471381846094,208.7244272489271,40.550029360333745,0.7376536260665071,11.507407221770212
121.1497929173927,33.21187246310649,61.452506076418615,500.28834309915976,44.45192896947978,495.72932162967857,44.2243497290144,0.7667350377713098,7.285050115086937
171.13807450429195,27.587495345386657,74.94263103359513,186.89303930497485,57.53463508117372,218.69735386511294,35.33811388053777,0.7446884168503048,9.610191173414034
127.64396272079614,24.2488849919704,47.24239454992481,493.77345488518216,77.89036983290583,466.96107431267075,36.327960657882514,0.8002994828231542,26.541340398058978
121.85746192624595,28.134018480671944,81.25868751282648,261.35662146095297,83.5649138268865,249.7176723937294,42.87563905167328,0.7774973593813346,9.324620118434336
65.60575436080323,14.003866935520506,63.757083926721194,459.0518530914094,55.06936529036062,453.76784798488006,28.359493675941746,0.7707387286212883,26.82510271423743
149.85014264108884,17.112627717631362,53.04895991439463,131.18219886029541,41.930151480304325,44.196782464240954,36.42009565586664,0.7544715876912343,-11.227115061992713
145.819367245643,16.64252495520661,63.24980713006279,370.30850413975793,70.35687275732667,420.44893140288224,31.40386486121546,0.7912142336911732,26.261859144423237
206.5301889322184,26.000601663345947,88.8572382529386,211.58758368628537,48.52930058748301,184.54631328937015,31.094311894089856,0.7805995544810548,14.860211689769987
107.68887060187997,37.12760499639565,61.96997369475665,130.1679369690975,54.63494722277595,145.33999994328147,18.901617593743584,0.7783480753715083,-3.261044452437437
128.76601310655755,40.61910102334843,75.3768042731443,326.22408508931346,91.50552180874075,323.6230510048672,53.393265894799995,0.7910305632540834,15.410010101646064
129.9753473484302,29.4663577100853,59.0356558642679,421.13661463151624,81.54230857131536,458.86518632229706,33.13461246846231,0.7765889771467105,24.438159510669358
183.098131190539,28.505911324611198,81.3688277488543,198.60702736878045,68.15948624502903,210.7887110416229,51.633760551635504,0.7794336750952048,13.371519092116143
116.18817870452192,12.392595860930827,80.28261608185306,120.11808474499185,39.56161997774554,113.07035659936261,50.68792321394292,0.7478168775152138,2.025125255529816
131.16086103081358,21.201283401861847,97.72913249944617,288.9786282798054,69.22793134941318,262.17317550422695,27.140002934835064,0.7765165972375042,19.870144021133324
144.31586038866158,19.48551373664233,67.36654081751176,289.50776054673827,86.25314581575053,313.4432815882024,29.11588764327154,0.7788989316275678,37.079646762978996
127.46436492625432,20.65406681224219,80.0298220713686,365.79835530653986,57.487326684689286,309.59511618790134,65.60502959355684,0.7499177836778936,10.692680564583682
102.14265541797887,23.822993269906473,71.47101309308417,413.9513485637386,92.0222817997343,433.32806117201534,57.50925941927143,0.7649761271196499,11.988242860776943
127.7635997159323,21.695365956120106,89.43807672794522,292.8701782473007,90.85490579036414,259.89883570065456,39.68481486671896,0.7928758105123441,29.35662442602181
162.94526999439088,11.144901327369485,59.21751418586904,522.6603977753116,98.27465664286947,560.2289076340107,42.573731064173494,0.8125773272584519,58.570587912452226
78.9393880235576,30.235371792822736,81.17507969315922,326.90816934423503,71.10486253062706,331.74715562411586,33.691535970528115,0.7988670099075462,22.497155900318347
125.31878696587503,17.490798819821354,67.07954055824978,258.42881927917205,76.74783399612025,277.7525323146753,44.3235271420034,0.7499455521365503,3.996822426979751
91.99516740243307,26.674728048778046,69.03717734337253,106.61191690766066,93.28374576662179,109.07158132240224,32.82818099277529,0.8125774796136158,6.842288563632448
167.8018651569937,39.51857868824982,71.3762872667256,268.4808575620599,73.94787874137951,215.90954470782998,19.676462357016153,0.7747078306312263,4.195496719074995
59.07252380864901,18.564307858895035,73.78360594640016,259.63356655066366,54.97531784419574,233.8116916488035,26.78444213488949,0.7814669865845429,17.582775399895155
97.64312610913646,7.287987340775693,68.25656435317063,415.23657555377645,56.02914326944277,435.4082556821179,40.21092747850587,0.7478269867502254,3.8855522469239325
135.08847500258082,22.997970446839226,73.22069774755789,355.4980348880225,69.77109907547478,360.49770940881785,28.68932764497412,0.7791183495217253,16.32356524250007
182.62096116937363,32.70671744499,93.67177086343277,158.47570540408594,39.188771561075626,193.9054025632561,39.32722535086465,0.7640706818332166,-5.298141577825714
117.36998955708049,38.70843217954416,84.78174528422828,320.6705263693245,62.134821692716145,332.76876326043964,29.25338960567137,0.7425992981262637,16.06439378596446
97.79201893227207,16.393152838833082,83.03731888745345,380.5837406074864,86.93094236460507,351.5826838864066,32.176460774980065,0.7959778762766924,22.671115839072964
195.2462827776236,28.47689456265565,63.16690710964194,483.36376312653994,21.174922976694376,459.4818389949209,48.531653064131916,0.772946665725874,9.67887736693684
62.07944398335024,21.742826802539625,56.66138757657514,406.50047608968714,95.6896420358903,409.58799780538425,42.474805476401045,0.7816094204613924,30.626458936423163
32.04776173519673,24.258361519871052,84.3295083735663,391.30159851737733,87.4474843740632,321.8802765373742,39.90335578686653,0.8089560980675319,17.814544872801015
137.6005780021333,43.51040342911924,83.14070188794692,307.2103193538196,55.804707683390475,357.41357592250915,48.78963973070651,0.7594715920534352,19.288986096945173
99.91783102589555,14.479207701233928,92.09006013626473,346.59744065081395,75.86781655743619,359.84984274214065,44.806085933473476,0.7914837731196084,20.3248770995205
79.15068731477147,26.776177630462016,60.94029061046156,449.94058808473903,65.06295453812653,486.75162599620523,54.465632912513676,0.7218203880762871,11.24561490633521
148.33425789197412,28.273852202358032,66.5567701695948,140.06671230244203,89.59980736877367,92.64859407816695,35.401407376848596,0.8325550370576015,32.857790016599225
129.75202855084797,32.60050427457543,45.407737562118484,258.0672807339653,84.65366285539882,295.40423554462296,35.70365021472492,0.8115249012681411,22.493151047204513
97.43685477053086,25.685882074296266,64.1129334090869,207.29175014925113,36.99858553633982,274.2367174800836,26.988907336086548,0.7547101104822703,4.255644827302076
68.78782405316423,27.156353776528718,84.94855765869171,345.4983742471349,76.74524826928354,305.8720235858154,35.7101928262758,0.7382177857538826,33.72615451343431
154.89829313120578,22.258460028047462,63.002569311577034,447.6266610780945,60.88744292713505,470.7687149252075,49.64769894302446,0.77130997914677,39.44008830942864
146.00804711834644,26.883888588715752,79.60719692801236,228.36308559347114,66.656651410362,228.39638393408993,52.99987372262134,0.7385498526469195,9.788651509542039
116.03296544882468,22.597654071518125,67.14245341003283,50.0,50.436561980603685,3.6669845525526696,49.60305168086668,0.7692344362371917,5.413851880392212
193.86547984190662,29.351003228992354,74.86085542332341,250.53351059706358,99.96274138241671,265.3200297526197,22.058081334505637,0.8015952606741422,10.195136776613968
77.19660934695389,22.412727647694563,52.78462915276499,409.61684784208876,85.80123639805151,434.62494398720924,50.831452126607346,0.7588231191810031,25.197390587840292
58.97899316301044,27.639702757315305,71.27814174450852,364.51558835398555,50.20457672054066,346.4817917739201,21.614813767279294,0.791037184702374,12.485632455188323
92.32367720475023,24.79516030420515,25.13296043648915,351.3823497372691,38.30778786179535,386.3598453449258,48.98117324122347,0.7705710360146542,12.220680863898865
118.17655934578009,32.882351755405175,67.19655762757023,266.4008037750624,57.28654738044304,216.39790157138646,36.32215473428945,0.7872630940157059,15.34217035673647
129.73357797290768,24.640243934880598,45.5429013442729,146.51631165362565,73.69005292182612,101.67362726013633,47.02533313933856,0.7729145805924894,13.943284581691376
110.35055768574681,12.58877272255183,88.08991774820224,361.8353185949361,69.80411687892446,365.9332404625987,26.67551652105434,0.7485889221448718,21.283982282797403
134.08221586057186,33.83345050499794,81.66111029146766,199.88618279584503,90.06265649536488,200.64774113501318,51.71167632706147,0.7990752707937867,2.277750994490752
69.93842303238225,18.659873893961667,77.00006472949121,562.0916080056547,80.79839444361704,540.5944033529315,25.35025253895111,0.7773866934774073,25.92120033017575
177.75058416293038,20.42363562945826,92.8150934073907,368.46086500254194,84.39138051505813,392.74869808169854,33.315450891468224,0.7544054521262352,17.9941017889796
116.71395286429726,20.830370941695556,55.766252187627444,230.32220369352586,71.53710801220875,246.24903312000436,30.01905372230965,0.803803625208898,10.421532322995207
164.6918332635251,34.62106665219572,96.21044796873338,226.6337703133646,37.2140253957802,252.37794244138507,22.45715147177501,0.8038580176664079,17.2874451588476
133.70901385510817,10.050280502149132,83.98287346390578,288.8466952063694,61.08602937706197,285.1526021458014,40.94527567588468,0.7674344694061814,1.911605868595803
138.27012876615134,46.964239735619955,66.4516706917158,271.25976935739004,86.20179479817331,289.3371773967403,58.060891178369616,0.8188650531376416,15.573435725797237
142.79069120928816,32.39239766346236,87.03430220774416,434.0200530635945,63.96954142950708,420.65054397269466,66.66905222320008,0.7638103496200205,30.73657423388355
137.9083424006926,26.562672398904116,53.40559731382549,322.3699403692856,75.06180737247493,383.98450107188347,40.971557870862476,0.7676303182416517,15.576090659311612
145.70891039470175,24.615741995685994,57.632287577084895,212.20419133097664,58.625033695077335,187.82781822731707,51.16681275067522,0.7513533039386265,13.951350646385425
173.16610120529725,26.998878524003597,60.8711541514045,526.8528822186939,44.4037630291631,590.0118051024433,42.320946379285374,0.7922472457606508,17.138610122339127
127.86084678805881,28.647856998655367,62.06533437903977,305.9169997824267,62.53311871907779,306.963638195109,44.98883194768213,0.7521670321474788,16.956745826200745
148.36015030354048,29.5165091016504,54.15163535859621,392.26076111626764,71.18094886065307,350.9954344292054,36.57851348872761,0.7893223065832081,19.75433195966724
116.41057222851093,28.88923126202414,88.34624600642988,227.01281910662888,51.88624561077113,268.05519962128693,41.950769254226024,0.7521746153279336,15.530401346295271
177.60468861797892,25.62706476878674,66.11718399445253,343.5738753293428,60.28577510286663,347.3509169811916,45.374787046064284,0.7573243161861268,0.23560471915791226
92.9443079176292,23.618631057848717,75.2875745253532,337.3331989371834,46.21073516028035,362.8669218885905,34.215402711236685,0.7834457406461605,8.579557342839877
192.03761731643263,23.941087014425417,61.44472950379479,73.24208494846164,87.38489835128192,109.95776250473943,39.22505700107012,0.7743241951495328,7.921596860396464
118.39368197422627,23.635642037531234,42.69095049177224,541.8330132552768,59.11088484823932,551.9716798796276,39.41569881002512,0.7596348251927063,29.66671050642786
62.768995915278076,32.93639067806945,74.05086037587134,454.8773353107057,94.05511090252367,437.11010996632126,48.26403317330525,0.8052044394427663,49.379021137104246
125.12417659643157,29.154897055966032,41.31617536870335,252.33656206248148,95.57495701081817,281.607963392559,29.339678283723195,0.8209335208847246,15.888253085395982
92.75793370100476,4.417279557350039,68.97048930871797,167.72763114529735,63.37908070556512,167.7502963689352,39.48457791392349,0.7827379630442902,23.11565331943268
153.62574195954898,29.59130543570833,49.47527441750785,341.70739365642623,44.83102534905301,362.2831282146788,59.12005469052697,0.7415841007548895,4.770157411872578
93.89504082790437,26.363153363031422,99.80913998846212,310.40372392972756,23.282042445333254,245.79180671598374,51.640601525859374,0.7359366707789573,18.604955295093447
102.15266267140882,24.86903870487872,83.67044083262083,342.68027382758754,35.55925853946417,356.0897253378831,53.49179048888705,0.7533303973978668,17.35434601950515
44.41837076217877,22.280370828377798,71.5863068690722,322.98928754329074,37.5233035020268,303.83171278893985,40.24431840178034,0.7631069574689924,0.11398441222959654
101.90774723003693,32.8687890399021,88.95560016482003,360.74891871671116,92.56939254923009,410.3482078320671,43.20997563686023,0.7635643853807615,28.56909684069286
23.044826934841737,31.632685234860006,57.305260338013966,473.6766839270168,67.31649174453892,492.3693043636897,50.02236166702925,0.783112296163758,24.45815812112906
56.64388706057107,19.589856325234734,78.15219068005139,368.1723846154375,72.79209048183975,375.3681169909164,55.60255529530931,0.7714255452451191,26.930079503883448
150.4165862457719,27.849366009871744,72.99715650578071,174.04134013080704,20.59157982129748,188.63063993131368,20.483970871171135,0.7198364322765347,0.3470239501319199
151.4320063460333,18.198402858210997,73.96030122000505,463.5075423254942,41.04067141565477,433.5543167391927,26.845586929501543,0.7438881299797624,11.078269270924544
137.01830247139858,15.342672846477486,89.08530250160152,496.8737476185945,82.74159552892574,545.5714483344361,53.09444101402648,0.7653598919872215,45.156518643204514
81.32095427483148,20.612979427870243,80.98738154169703,678.2468081414502,70.73548224765173,737.9879206939573,37.23110644231196,0.7727412554143113,36.08591443434871
118.0915457543208,31.036754306679313,74.33085494237535,165.18071601124825,62.055894426288056,176.96812132769475,33.282792107419226,0.8088286854909982,16.555070786231894
119.85589843637726,31.671875317632605,45.17668845657556,329.145841578033,76.29684717200246,376.85794863524217,27.45839013004396,0.7846743326697806,17.451846862454165
73.6654124322983,28.59159794068105,55.59930557080804,50.14815561732152,97.7159561227163,33.07370965714551,34.44983298455891,0.7717075903680181,20.44821198455312
180.135932070686,30.075670507935982,68.15936599606414,366.3778987655051,60.57915072925899,342.4644917787557,25.976307165761753,0.7769092993010442,10.460048354777214
155.09449162302684,28.613248009804707,71.40058561414976,234.21596421998728,66.38739605316138,235.44370668185496,60.910942727324766,0.7578786602593056,5.642810865171956
111.16143304681344,20.509628833439336,53.046944129891145,530.8134953789944,68.8519383746261,543.8617265300313,39.775639480194265,0.7789884421339255,43.71528155789481
121.07543355978123,28.023457812717584,100.0,207.04620359777016,100.0,195.22660316047654,39.420494582372825,0.7997852053660005,12.109785137516809
128.3353123179021,30.602866676593777,92.74591082880359,97.2980354439286,23.01287471161949,113.4310811549831,45.880766751678316,0.7719268202747849,17.73917019387665
38.330605263028374,30.28003930869502,79.03177480588725,243.44835111569765,78.66446029577617,252.64003557790008,49.6234516926657,0.7739594647266879,23.74029697416539
110.11290469917613,33.3223936003225,71.08055291925618,62.94146745394352,62.703955024818725,32.992264195211874,49.45888156554639,0.799293523594742,1.6080578543808313
92.72063008008806,29.958126930407445,66.81686545148273,390.1319345408772,76.33543452368359,405.6957250644288,50.73621943907572,0.7911073046808429,5.426945487896823
79.93519960420338,27.46013745279108,55.72122309966647,52.19003444924152,51.85254892010551,78.09588172488716,33.69154449209144,0.7516700202161816,1.8409760789514467
108.75598828456181,32.49105166821499,71.16220777778294,303.41490974197905,64.020699382831,308.55898926969076,37.02133195043139,0.8151010634212554,16.849503976349794
191.9074610739809,24.81435118525658,73.86628810214125,50.66258161725639,79.22821158930991,85.24202471510716,47.69031655442276,0.78184690109373,14.810437094043222
145.6337144506804,18.826877441405976,51.37359136777563,261.56426345560294,100.0,225.0421496506944,34.7261093836038,0.7728796771054742,36.10024211059088
97.15284040868812,23.858531252393654,75.01264625867346,497.2053786965441,81.16072378804142,511.2438913604996,39.94893367972775,0.8116539428147108,25.903244879115423
142.90331125424635,19.785681486354857,67.67111426762877,343.2777469722954,48.038688039389825,308.16932578039217,43.987637644248146,0.8023786044303893,21.24353236219983
